"geo_code";"geo_nom";"effectif_champ";"effectif_55plus";"part_55plus_pct";"departs_55plus";"departs_55plus_bas";"departs_55plus_haut";"dep_55_retraite";"dep_55_invalidite";"dep_55_deces";"taux_depart_55plus_pct";"taux_55plus_bas_pct";"taux_55plus_haut_pct"
"Versailles";"Versailles";165;78;47,3;62,9;60,4;65,2;61,1;1,2;0,6;80,6;77,5;83,6
"Belfort";"Belfort";152;69;45,4;54,3;51,8;56,5;52,5;1,2;0,6;78,6;75,1;81,9
"Tarbes";"Tarbes";158;71;44,9;58,4;56,4;60,4;57;0,9;0,5;82,3;79,4;85
"Dijon";"Dijon";162;72;44,4;59,3;57,1;61,3;57,7;1,1;0,5;82,3;79,3;85,2
"Lille";"Lille";169;75;44,4;60,1;57,7;62,3;58,5;1;0,6;80,1;76,9;83,1
"Cherbourg-en-Cotentin";"Cherbourg-en-Cotentin";156;67;42,9;55,5;53,3;57,5;54,1;0,9;0,5;82,9;79,6;85,8
"Limoges";"Limoges";140;59;42,1;47;45,1;48,8;45,6;0,8;0,5;79,7;76,5;82,7
"Mulhouse";"Mulhouse";119;50;42;42,2;40,7;43,6;41,2;0,7;0,3;84,4;81,5;87,1
"Poitiers";"Poitiers";136;57;41,9;49,3;47,8;50,7;48,4;0,6;0,3;86,5;83,8;88,9
"Évry";"Évry";146;61;41,8;51,2;49,3;52,9;50;0,8;0,4;84;80,9;86,7
"Nice";"Nice";154;64;41,6;51,8;49,5;53,9;50,3;1;0,5;80,9;77,4;84,1
"Paris";"Paris";156;64;41;55,7;54;57,3;54,6;0,8;0,4;87,1;84,3;89,5
"Aix-en-Provence";"Aix-en-Provence";154;62;40,3;51,9;50;53,6;50,7;0,9;0,4;83,8;80,7;86,5
"Lorient";"Lorient";170;68;40;56,5;54,3;58,5;55,1;1;0,4;83,1;79,8;86,1
"Nancy";"Nancy";170;68;40;55,7;53,6;57,7;54,3;1;0,5;82;78,9;84,8
"Tours";"Tours";131;50;38,2;41,2;39,8;42,5;40,2;0,6;0,4;82,4;79,6;85
"Toulouse";"Toulouse";143;54;37,8;44,3;42,6;46;43,1;0,8;0,4;82,1;78,8;85,1
"Bordeaux";"Bordeaux";128;48;37,5;43,1;42;44;42,4;0,5;0,2;89,7;87,5;91,6
"Angoulême";"Angoulême";115;43;37,4;35,3;33,9;36,6;34,4;0,7;0,3;82,2;78,9;85,2
"Valenciennes";"Valenciennes";129;48;37,2;40,6;39,2;42;39,7;0,7;0,3;84,7;81,6;87,4
"Brest";"Brest";149;54;36,2;43;41,2;44,7;41,7;0,8;0,4;79,6;76,2;82,7
"Marseille";"Marseille";126;45;35,7;35;33,5;36,4;33,9;0,7;0,4;77,8;74,4;80,9
"Pau";"Pau";115;41;35,7;35,9;34,8;36,8;35,2;0,4;0,3;87,5;85;89,7
"Douai";"Douai";158;56;35,4;46;44,2;47,6;44,7;0,7;0,5;82,1;78,9;85
"Toulon";"Toulon";144;51;35,4;40,6;38,9;42,3;39,4;0,8;0,5;79,7;76,2;82,9
"Caen";"Caen";140;49;35;42,4;41,2;43,5;41,6;0,6;0,2;86,6;84,1;88,8
"Bourges";"Bourges";134;45;33,6;37,4;36;38,8;36,5;0,6;0,3;83,2;80;86,1
"Créteil";"Créteil";141;44;31,2;35,1;33,6;36,5;34;0,7;0,4;79,8;76,4;82,9
"Rennes";"Rennes";139;43;30,9;36,8;35,6;37,8;36;0,6;0,2;85,5;82,8;87,9
"Saint-Nazaire";"Saint-Nazaire";109;33;30,3;27,8;26,8;28,7;27,1;0,5;0,2;84,2;81,3;86,8
"Rouen";"Rouen";110;31;28,2;24,8;23,7;25,7;24;0,4;0,3;79,9;76,5;83,1
"Grenoble";"Grenoble";118;33;28;29,3;28,4;30;28,8;0,3;0,2;88,8;86,2;91
"Le Havre";"Le Havre";119;29;24,4;25,1;24,3;25,8;24,6;0,3;0,2;86,6;83,9;89
"Metz";"Metz";95;23;24,2;19;18,1;19,8;18,5;0,3;0,2;82,5;78,7;86
"Le Mans";"Le Mans";109;26;23,9;21,2;20,4;22;20,7;0,3;0,2;81,7;78,5;84,7
"Nantes";"Nantes";105;25;23,8;21,4;20,6;22;20,9;0,3;0,2;85,4;82,4;88,2
"Istres";"Istres";115;27;23,5;22,6;22;23,2;22,1;0,3;0,2;83,8;81,4;86,1
"Valence";"Valence";128;28;21,9;22,8;21,9;23,6;22,2;0,4;0,2;81,3;78,1;84,3
"Clermont-Ferrand";"Clermont-Ferrand";124;26;21;22,7;22,1;23,3;22,4;0,2;0,1;87,4;85;89,5
"Strasbourg";"Strasbourg";103;19;18,4;15,9;15,3;16,4;15,5;0,2;0,1;83,6;80,4;86,4
"Lyon";"Lyon";101;18;17,8;15,1;14,5;15,6;14,7;0,2;0,1;83,8;80,5;86,8
"Orléans";"Orléans";87;10;11,5;8,7;8,4;9;8,5;0,2;0,1;87,2;84,4;89,7
