"cs1";"tranche";"sortie_emploi";"maintien";"dont_invalidite";"dont_deces"
"Cadres";"45-48 ans";2,6;97,4;1,1;1,5
"Cadres";"49-54 ans";6,2;93,8;2;2,3
"Cadres";"55-60 ans";50,1;49,9;2;1,9
"Cadres";"61 ans et +";96,3;3,7;0,2;0,2
"Employes";"45-48 ans";4,5;95,5;3;1,4
"Employes";"49-54 ans";21,3;78,7;4,3;2
"Employes";"55-60 ans";82,9;17,1;1,8;0,7
"Employes";"61 ans et +";99,6;0,4;0,1;0
"Ouvriers";"45-48 ans";6,1;93,9;4,3;1,4
"Ouvriers";"49-54 ans";29,9;70,1;5,6;1,7
"Ouvriers";"55-60 ans";90,7;9,3;1,4;0,4
"Ouvriers";"61 ans et +";99,9;0,1;0;0
"Prof. intermediaires";"45-48 ans";3,7;96,3;2,2;1,5
"Prof. intermediaires";"49-54 ans";13,7;86,3;3,7;2,1
"Prof. intermediaires";"55-60 ans";74,1;25,9;2,1;1
"Prof. intermediaires";"61 ans et +";99,1;0,9;0,1;0,1
