"geo_code";"geo_nom";"cs1";"effectif_champ";"effectif_55plus";"part_55plus_pct";"departs_55plus";"perte_seniors_pct";"masque"
"Bordeaux";"Bordeaux";"Ouvriers";41;23;56,1;22;53,4;FALSE
"Poitiers";"Poitiers";"Ouvriers";28;15;53,6;14;51;FALSE
"Lille";"Lille";"Employes";38;21;55,3;19;49,2;FALSE
"Paris";"Paris";"Ouvriers";36;19;52,8;18;49,2;FALSE
"Belfort";"Belfort";"Employes";44;25;56,8;21;47,7;FALSE
"Évry";"Évry";"Employes";26;14;53,8;12;47,3;FALSE
"Marseille";"Marseille";"Ouvriers";31;15;48,4;14;46,7;FALSE
"Mulhouse";"Mulhouse";"Employes";23;12;52,2;11;46,4;FALSE
"Aix-en-Provence";"Aix-en-Provence";"Prof. intermediaires";31;17;54,8;14;45,8;FALSE
"Dijon";"Dijon";"Ouvriers";56;27;48,2;25;44,7;FALSE
"Paris";"Paris";"Employes";39;19;48,7;17;43,8;FALSE
"Mulhouse";"Mulhouse";"Prof. intermediaires";34;18;52,9;15;43,1;FALSE
"Évry";"Évry";"Ouvriers";43;20;46,5;18;42,6;FALSE
"Pau";"Pau";"Employes";24;11;45,8;10;42,5;FALSE
"Nancy";"Nancy";"Ouvriers";64;28;43,8;27;41,9;FALSE
"Tarbes";"Tarbes";"Employes";27;13;48,1;11;41,7;FALSE
"Cherbourg-en-Cotentin";"Cherbourg-en-Cotentin";"Employes";30;14;46,7;13;41,7;FALSE
"Tours";"Tours";"Prof. intermediaires";35;17;48,6;15;41,7;FALSE
"Versailles";"Versailles";"Employes";36;16;44,4;15;41,7;FALSE
"Valenciennes";"Valenciennes";"Employes";30;15;50;12;41,4;FALSE
"Aix-en-Provence";"Aix-en-Provence";"Ouvriers";49;22;44,9;20;41,2;FALSE
"Tarbes";"Tarbes";"Ouvriers";44;19;43,2;18;41;FALSE
"Versailles";"Versailles";"Ouvriers";52;23;44,2;21;40,7;FALSE
"Limoges";"Limoges";"Ouvriers";48;21;43,8;20;40,6;FALSE
"Rennes";"Rennes";"Employes";31;14;45,2;13;40,5;FALSE
"Versailles";"Versailles";"Prof. intermediaires";38;20;52,6;15;40;FALSE
"Lorient";"Lorient";"Ouvriers";56;23;41,1;22;38,6;FALSE
"Angoulême";"Angoulême";"Ouvriers";45;19;42,2;17;38,5;FALSE
"Dijon";"Dijon";"Employes";25;11;44;10;38,1;FALSE
"Toulon";"Toulon";"Ouvriers";34;14;41,2;13;37,7;FALSE
"Lille";"Lille";"Prof. intermediaires";37;16;43,2;14;37,6;FALSE
"Toulouse";"Toulouse";"Prof. intermediaires";30;14;46,7;11;37,5;FALSE
"Nice";"Nice";"Employes";31;13;41,9;11;37,1;FALSE
"Tours";"Tours";"Ouvriers";39;15;38,5;14;36,9;FALSE
"Cherbourg-en-Cotentin";"Cherbourg-en-Cotentin";"Prof. intermediaires";49;22;44,9;18;36,9;FALSE
"Dijon";"Dijon";"Prof. intermediaires";46;21;45,7;17;36,4;FALSE
"Bourges";"Bourges";"Employes";29;12;41,4;11;36,3;FALSE
"Douai";"Douai";"Employes";34;14;41,2;12;36;FALSE
"Caen";"Caen";"Ouvriers";47;18;38,3;17;36;FALSE
"Nancy";"Nancy";"Prof. intermediaires";40;17;42,5;14;35,9;FALSE
"Poitiers";"Poitiers";"Cadres";39;18;46,2;14;35,5;FALSE
"Poitiers";"Poitiers";"Employes";32;12;37,5;11;35,5;FALSE
"Rouen";"Rouen";"Ouvriers";36;13;36,1;13;34,9;FALSE
"Angoulême";"Angoulême";"Employes";21;8;38,1;7;34,7;FALSE
"Belfort";"Belfort";"Ouvriers";37;14;37,8;13;34,4;FALSE
"Tarbes";"Tarbes";"Prof. intermediaires";53;21;39,6;18;34,2;FALSE
"Cherbourg-en-Cotentin";"Cherbourg-en-Cotentin";"Ouvriers";39;14;35,9;13;34,1;FALSE
"Nice";"Nice";"Ouvriers";50;18;36;17;34;FALSE
"Bordeaux";"Bordeaux";"Employes";20;7;35;7;34;FALSE
"Mulhouse";"Mulhouse";"Ouvriers";28;10;35,7;9;33,9;FALSE
"Lorient";"Lorient";"Employes";41;16;39;14;33,8;FALSE
"Toulouse";"Toulouse";"Ouvriers";59;22;37,3;20;33,7;FALSE
"Bourges";"Bourges";"Ouvriers";36;13;36,1;12;33,5;FALSE
"Brest";"Brest";"Employes";23;9;39,1;8;33,5;FALSE
"Nice";"Nice";"Cadres";37;17;45,9;12;33,4;FALSE
"Saint-Nazaire";"Saint-Nazaire";"Employes";21;8;38,1;7;33,4;FALSE
"Grenoble";"Grenoble";"Ouvriers";34;12;35,3;11;33,2;FALSE
"Douai";"Douai";"Ouvriers";40;14;35;13;33,1;FALSE
"Belfort";"Belfort";"Prof. intermediaires";36;14;38,9;12;32,8;FALSE
"Lille";"Lille";"Cadres";47;25;53,2;15;32,8;FALSE
"Pau";"Pau";"Prof. intermediaires";24;9;37,5;8;32,7;FALSE
"Caen";"Caen";"Employes";28;10;35,7;9;32,4;FALSE
"Brest";"Brest";"Ouvriers";41;14;34,1;13;32,4;FALSE
"Tarbes";"Tarbes";"Cadres";34;18;52,9;11;32,4;FALSE
"Tours";"Tours";"Employes";20;7;35;6;32,4;FALSE
"Valenciennes";"Valenciennes";"Prof. intermediaires";31;11;35,5;10;32,3;FALSE
"Nantes";"Nantes";"Employes";18;6;33,3;6;31,8;FALSE
"Limoges";"Limoges";"Employes";24;8;33,3;8;31,6;FALSE
"Valenciennes";"Valenciennes";"Ouvriers";39;13;33,3;12;31,3;FALSE
"Limoges";"Limoges";"Cadres";34;18;52,9;11;30,9;FALSE
"Cherbourg-en-Cotentin";"Cherbourg-en-Cotentin";"Cadres";38;17;44,7;12;30,6;FALSE
"Saint-Nazaire";"Saint-Nazaire";"Prof. intermediaires";31;11;35,5;9;30,6;FALSE
"Paris";"Paris";"Prof. intermediaires";42;14;33,3;13;30,5;FALSE
"Nice";"Nice";"Prof. intermediaires";36;16;44,4;11;30,3;FALSE
"Lorient";"Lorient";"Prof. intermediaires";41;16;39;12;30,1;FALSE
"Brest";"Brest";"Prof. intermediaires";45;17;37,8;13;29,8;FALSE
"Rennes";"Rennes";"Ouvriers";33;11;33,3;10;29,7;FALSE
"Versailles";"Versailles";"Cadres";39;19;48,7;12;29,5;FALSE
"Caen";"Caen";"Prof. intermediaires";47;15;31,9;14;29,5;FALSE
"Créteil";"Créteil";"Ouvriers";41;13;31,7;12;29,5;FALSE
"Créteil";"Créteil";"Cadres";32;13;40,6;9;29;FALSE
"Le Havre";"Le Havre";"Prof. intermediaires";29;10;34,5;8;28,2;FALSE
"Rouen";"Rouen";"Prof. intermediaires";19;7;36,8;5;28,1;FALSE
"Pau";"Pau";"Ouvriers";33;10;30,3;9;28;FALSE
"Évry";"Évry";"Prof. intermediaires";35;11;31,4;10;27,7;FALSE
"Limoges";"Limoges";"Prof. intermediaires";34;12;35,3;9;27,6;FALSE
"Lyon";"Lyon";"Cadres";14;5;35,7;4;27,5;FALSE
"Créteil";"Créteil";"Employes";33;11;33,3;9;27,4;FALSE
"Toulon";"Toulon";"Employes";29;9;31;8;27,3;FALSE
"Lorient";"Lorient";"Cadres";32;13;40,6;9;27,2;FALSE
"Aix-en-Provence";"Aix-en-Provence";"Employes";30;9;30;8;27,1;FALSE
"Toulon";"Toulon";"Prof. intermediaires";46;16;34,8;12;27;FALSE
"Poitiers";"Poitiers";"Prof. intermediaires";37;12;32,4;10;26,6;FALSE
"Nantes";"Nantes";"Prof. intermediaires";26;8;30,8;7;26,4;FALSE
"Toulouse";"Toulouse";"Cadres";39;14;35,9;10;26,3;FALSE
"Douai";"Douai";"Prof. intermediaires";44;14;31,8;12;26,2;FALSE
"Nancy";"Nancy";"Employes";29;10;34,5;8;26,1;FALSE
"Évry";"Évry";"Cadres";42;16;38,1;11;25,9;FALSE
"Lille";"Lille";"Ouvriers";47;13;27,7;12;25,7;FALSE
"Grenoble";"Grenoble";"Prof. intermediaires";38;11;28,9;10;25,6;FALSE
"Le Havre";"Le Havre";"Ouvriers";30;8;26,7;8;25,4;FALSE
"Pau";"Pau";"Cadres";34;11;32,4;9;25,2;FALSE
"Belfort";"Belfort";"Cadres";35;16;45,7;9;25;FALSE
"Metz";"Metz";"Prof. intermediaires";23;7;30,4;6;25;FALSE
"Angoulême";"Angoulême";"Prof. intermediaires";23;7;30,4;6;24,4;FALSE
"Istres";"Istres";"Ouvriers";34;9;26,5;8;24,3;FALSE
"Saint-Nazaire";"Saint-Nazaire";"Ouvriers";30;8;26,7;7;24,2;FALSE
"Istres";"Istres";"Prof. intermediaires";34;10;29,4;8;24,1;FALSE
"Valence";"Valence";"Ouvriers";35;9;25,7;8;24;FALSE
"Metz";"Metz";"Employes";20;6;30;5;23,6;FALSE
"Istres";"Istres";"Employes";21;5;23,8;5;23,5;FALSE
"Le Mans";"Le Mans";"Ouvriers";29;7;24,1;7;23,3;FALSE
"Marseille";"Marseille";"Cadres";33;13;39,4;8;23,2;FALSE
"Bourges";"Bourges";"Cadres";30;10;33,3;7;23,2;FALSE
"Marseille";"Marseille";"Prof. intermediaires";41;13;31,7;9;22,8;FALSE
"Dijon";"Dijon";"Cadres";35;13;37,1;8;22,8;FALSE
"Bordeaux";"Bordeaux";"Prof. intermediaires";34;9;26,5;8;22,7;FALSE
"Clermont-Ferrand";"Clermont-Ferrand";"Employes";21;5;23,8;5;22,5;FALSE
"Rennes";"Rennes";"Prof. intermediaires";42;10;23,8;9;22,5;FALSE
"Douai";"Douai";"Cadres";40;14;35;9;22,4;FALSE
"Valence";"Valence";"Cadres";30;10;33,3;7;22,2;FALSE
"Metz";"Metz";"Cadres";25;7;28;6;22,1;FALSE
"Le Mans";"Le Mans";"Prof. intermediaires";28;7;25;6;21,8;FALSE
"Mulhouse";"Mulhouse";"Cadres";34;10;29,4;7;21,7;FALSE
"Brest";"Brest";"Cadres";40;14;35;9;21,5;FALSE
"Le Havre";"Le Havre";"Employes";17;4;23,5;4;21,5;FALSE
"Aix-en-Provence";"Aix-en-Provence";"Cadres";44;14;31,8;9;21,4;FALSE
"Toulon";"Toulon";"Cadres";35;12;34,3;7;21,3;FALSE
"Grenoble";"Grenoble";"Employes";18;4;22,2;4;21,3;FALSE
"Strasbourg";"Strasbourg";"Prof. intermediaires";27;7;25,9;6;21,3;FALSE
"Strasbourg";"Strasbourg";"Ouvriers";22;5;22,7;5;21,2;FALSE
"Paris";"Paris";"Cadres";39;12;30,8;8;20,8;FALSE
"Valenciennes";"Valenciennes";"Cadres";29;9;31;6;20,7;FALSE
"Bourges";"Bourges";"Prof. intermediaires";39;10;25,6;8;20,2;FALSE
"Bordeaux";"Bordeaux";"Cadres";33;9;27,3;7;20,2;FALSE
"Clermont-Ferrand";"Clermont-Ferrand";"Cadres";29;8;27,6;6;19,8;FALSE
"Angoulême";"Angoulême";"Cadres";26;9;34,6;5;19,6;FALSE
"Toulouse";"Toulouse";"Employes";15;4;26,7;3;19,6;FALSE
"Nancy";"Nancy";"Cadres";37;13;35,1;7;18,8;FALSE
"Lyon";"Lyon";"Prof. intermediaires";29;7;24,1;5;18,4;FALSE
"Orléans";"Orléans";"Ouvriers";31;6;19,4;6;18,3;FALSE
"Clermont-Ferrand";"Clermont-Ferrand";"Prof. intermediaires";36;7;19,4;6;17,4;FALSE
"Marseille";"Marseille";"Employes";21;4;19;3;16,7;FALSE
"Le Mans";"Le Mans";"Employes";17;3;17,6;3;16,2;FALSE
"Le Mans";"Le Mans";"Cadres";35;9;25,7;6;16,1;FALSE
"Nantes";"Nantes";"Ouvriers";35;6;17,1;6;16;FALSE
"Grenoble";"Grenoble";"Cadres";28;6;21,4;4;15,9;FALSE
"Clermont-Ferrand";"Clermont-Ferrand";"Ouvriers";38;6;15,8;6;15,7;FALSE
"Tours";"Tours";"Cadres";37;11;29,7;6;15,5;FALSE
"Rennes";"Rennes";"Cadres";33;8;24,2;5;15;FALSE
"Saint-Nazaire";"Saint-Nazaire";"Cadres";27;6;22,2;4;14,9;FALSE
"Caen";"Caen";"Cadres";18;6;33,3;3;14,3;FALSE
"Rouen";"Rouen";"Cadres";37;9;24,3;5;13,6;FALSE
"Créteil";"Créteil";"Prof. intermediaires";35;7;20;5;13,4;FALSE
"Le Havre";"Le Havre";"Cadres";43;7;16,3;6;13,2;FALSE
"Lyon";"Lyon";"Ouvriers";38;5;13,2;5;12,9;FALSE
"Valence";"Valence";"Employes";22;3;13,6;3;12,4;FALSE
"Nantes";"Nantes";"Cadres";26;5;19,2;3;12,2;FALSE
"Valence";"Valence";"Prof. intermediaires";41;6;14,6;5;12,2;FALSE
"Orléans";"Orléans";"Employes";14;2;14,3;2;11,3;FALSE
"Strasbourg";"Strasbourg";"Cadres";31;5;16,1;3;11,3;FALSE
"Metz";"Metz";"Ouvriers";27;3;11,1;3;11,1;FALSE
"Rouen";"Rouen";"Employes";18;2;11,1;2;10,2;FALSE
"Strasbourg";"Strasbourg";"Employes";23;2;8,7;2;8,7;FALSE
"Orléans";"Orléans";"Prof. intermediaires";22;2;9,1;1;6,6;FALSE
"Lyon";"Lyon";"Employes";20;1;5;1;5;FALSE
"Istres";"Istres";"Cadres";26;3;11,5;1;4,9;FALSE
"Orléans";"Orléans";"Cadres";20;0;0;0;0;FALSE
