"geo_code";"geo_nom";"cs1";"effectif_champ";"effectif_55plus";"part_55plus_pct";"departs_55plus";"perte_seniors_pct";"sous_seuil"
"59";"Nord";"Employes";64;35;54,7;31,5;49,2;FALSE
"64";"Pyrénées-Atlantiques";"Ouvriers";97;47;48,5;43,9;45,2;FALSE
"44";"Loire-Atlantique";"Ouvriers";88;41;46,6;39,5;44,9;FALSE
"01";"Ain";"Ouvriers";90;42;46,7;39,3;43,7;FALSE
"64";"Pyrénées-Atlantiques";"Employes";55;26;47,3;23,4;42,5;FALSE
"83";"Var";"Employes";60;29;48,3;25,2;42,1;FALSE
"01";"Ain";"Prof. intermediaires";82;38;46,3;32,7;39,9;FALSE
"18";"Cher";"Ouvriers";77;32;41,6;30,5;39,7;FALSE
"87";"Haute-Vienne";"Prof. intermediaires";80;39;48,8;31,4;39,2;FALSE
"01";"Ain";"Employes";61;28;45,9;23,9;39,1;FALSE
"87";"Haute-Vienne";"Ouvriers";98;41;41,8;38;38,8;FALSE
"2B";"Haute-Corse";"Employes";69;30;43,5;26,7;38,7;FALSE
"35";"Ille-et-Vilaine";"Ouvriers";61;25;41;23,4;38,4;FALSE
"83";"Var";"Ouvriers";89;36;40,4;33,9;38,1;FALSE
"59";"Nord";"Ouvriers";111;44;39,6;41,3;37,2;FALSE
"75";"Paris";"Employes";52;22;42,3;18,8;36,2;FALSE
"69";"Rhône";"Ouvriers";80;31;38,8;28,6;35,8;FALSE
"33";"Gironde";"Ouvriers";84;32;38,1;29,8;35,5;FALSE
"78";"Yvelines";"Employes";51;19;37,3;18;35,3;FALSE
"35";"Ille-et-Vilaine";"Prof. intermediaires";70;30;42,9;24,7;35,2;FALSE
"18";"Cher";"Prof. intermediaires";83;36;43,4;29,3;35,2;FALSE
"09";"Ariège";"Ouvriers";87;33;37,9;30,4;34,9;FALSE
"64";"Pyrénées-Atlantiques";"Prof. intermediaires";82;34;41,5;28,1;34,3;FALSE
"2B";"Haute-Corse";"Prof. intermediaires";89;35;39,3;29,9;33,6;FALSE
"69";"Rhône";"Employes";52;18;34,6;17,4;33,5;FALSE
"33";"Gironde";"Employes";56;22;39,3;18,6;33,3;FALSE
"59";"Nord";"Prof. intermediaires";82;32;39;26,1;31,8;FALSE
"09";"Ariège";"Employes";52;18;34,6;16,4;31,5;FALSE
"87";"Haute-Vienne";"Employes";61;21;34,4;19,1;31,4;FALSE
"2B";"Haute-Corse";"Ouvriers";88;29;33;27,4;31,1;FALSE
"78";"Yvelines";"Ouvriers";78;26;33,3;24,1;30,9;FALSE
"83";"Var";"Prof. intermediaires";87;33;37,9;26,9;30,9;FALSE
"35";"Ille-et-Vilaine";"Employes";47;17;36,2;14,5;30,8;FALSE
"18";"Cher";"Employes";46;16;34,8;13,9;30,2;FALSE
"44";"Loire-Atlantique";"Prof. intermediaires";70;24;34,3;21,2;30,2;FALSE
"03";"Allier";"Ouvriers";92;30;32,6;27,7;30,1;FALSE
"09";"Ariège";"Prof. intermediaires";75;27;36;22,1;29,5;FALSE
"69";"Rhône";"Prof. intermediaires";81;31;38,3;23,8;29,4;FALSE
"75";"Paris";"Prof. intermediaires";81;27;33,3;23,7;29,3;FALSE
"64";"Pyrénées-Atlantiques";"Cadres";80;33;41,2;23,1;28,9;FALSE
"83";"Var";"Cadres";77;33;42,9;22,1;28,7;FALSE
"78";"Yvelines";"Cadres";53;18;34;14,6;27,5;FALSE
"69";"Rhône";"Cadres";64;28;43,8;17,6;27,5;FALSE
"33";"Gironde";"Cadres";62;24;38,7;16,8;27,1;FALSE
"93";"Seine-Saint-Denis";"Employes";53;17;32,1;14,1;26,6;FALSE
"2A";"Corse-du-Sud";"Ouvriers";77;22;28,6;20,5;26,6;FALSE
"44";"Loire-Atlantique";"Employes";70;22;31,4;18,6;26,5;FALSE
"75";"Paris";"Ouvriers";84;23;27,4;21,9;26,1;FALSE
"2A";"Corse-du-Sud";"Employes";58;16;27,6;15;25,8;FALSE
"44";"Loire-Atlantique";"Cadres";78;30;38,5;20;25,6;FALSE
"93";"Seine-Saint-Denis";"Ouvriers";68;18;26,5;17,2;25,3;FALSE
"2B";"Haute-Corse";"Cadres";75;26;34,7;18,5;24,7;FALSE
"93";"Seine-Saint-Denis";"Prof. intermediaires";57;18;31,6;13,9;24,4;FALSE
"18";"Cher";"Cadres";72;27;37,5;17,5;24,3;FALSE
"56";"Morbihan";"Prof. intermediaires";60;16;26,7;13,9;23,2;FALSE
"33";"Gironde";"Prof. intermediaires";75;21;28;17,3;23;FALSE
"91";"Essonne";"Ouvriers";69;17;24,6;15,8;22,9;FALSE
"09";"Ariège";"Cadres";82;27;32,9;18,6;22,7;FALSE
"2A";"Corse-du-Sud";"Cadres";64;23;35,9;14,4;22,5;FALSE
"03";"Allier";"Employes";46;12;26,1;10,3;22,3;FALSE
"59";"Nord";"Cadres";77;29;37,7;16,8;21,8;FALSE
"56";"Morbihan";"Employes";51;12;23,5;11,1;21,8;FALSE
"78";"Yvelines";"Prof. intermediaires";75;19;25,3;15,9;21,2;FALSE
"2A";"Corse-du-Sud";"Prof. intermediaires";67;17;25,4;14,1;21;FALSE
"86";"Vienne";"Ouvriers";65;15;23,1;13,6;21;FALSE
"75";"Paris";"Cadres";70;23;32,9;14,7;21;FALSE
"01";"Ain";"Cadres";74;26;35,1;15,2;20,6;FALSE
"03";"Allier";"Prof. intermediaires";69;19;27,5;14,1;20,4;FALSE
"91";"Essonne";"Employes";41;10;24,4;8,3;20,3;FALSE
"91";"Essonne";"Cadres";58;15;25,9;11,3;19,5;FALSE
"87";"Haute-Vienne";"Cadres";82;28;34,1;15,4;18,7;FALSE
"86";"Vienne";"Employes";41;8;19,5;7,4;18,1;FALSE
"56";"Morbihan";"Cadres";69;19;27,5;12,5;18,1;FALSE
"56";"Morbihan";"Ouvriers";72;14;19,4;12,9;18;FALSE
"35";"Ille-et-Vilaine";"Cadres";57;17;29,8;10;17,6;FALSE
"93";"Seine-Saint-Denis";"Cadres";65;16;24,6;10,3;15,9;FALSE
"86";"Vienne";"Prof. intermediaires";58;10;17,2;8,6;14,9;FALSE
"03";"Allier";"Cadres";69;14;20,3;10,1;14,7;FALSE
"86";"Vienne";"Cadres";68;15;22,1;8,8;12,9;FALSE
"91";"Essonne";"Prof. intermediaires";65;11;16,9;8,4;12,9;FALSE
