"geo_code";"geo_nom";"cs1";"effectif_champ";"departs_2030";"departs_bas";"departs_haut";"part_departs_pct";"masque"
"01";"Ain";"Cadres";74;20,1;18,5;21,8;27,2;FALSE
"01";"Ain";"Prof. intermediaires";82;40,1;38,4;41,9;48,9;FALSE
"01";"Ain";"Employes";61;31,7;30,1;33,2;51,9;FALSE
"01";"Ain";"Ouvriers";90;50,6;48,7;52,7;56,3;FALSE
"03";"Allier";"Cadres";69;13,6;12,9;14,5;19,7;FALSE
"03";"Allier";"Prof. intermediaires";69;21,4;19,8;23,2;31,1;FALSE
"03";"Allier";"Employes";46;16,2;15,2;17,3;35,2;FALSE
"03";"Allier";"Ouvriers";92;45,7;43,2;48,4;49,7;FALSE
"09";"Ariège";"Cadres";82;23,3;22;24,8;28,5;FALSE
"09";"Ariège";"Prof. intermediaires";75;30,2;28,4;32,1;40,3;FALSE
"09";"Ariège";"Employes";52;22,8;21,6;24;43,8;FALSE
"09";"Ariège";"Ouvriers";87;46,1;43,8;48,5;53;FALSE
"18";"Cher";"Cadres";72;22;20,5;23,5;30,5;FALSE
"18";"Cher";"Prof. intermediaires";83;36,6;34,8;38,5;44,2;FALSE
"18";"Cher";"Employes";46;21,1;19,8;22,4;45,8;FALSE
"18";"Cher";"Ouvriers";77;42,9;41,2;44,7;55,7;FALSE
"2A";"Corse-du-Sud";"Cadres";64;18,3;17;19,6;28,6;FALSE
"2A";"Corse-du-Sud";"Prof. intermediaires";67;21,8;20,3;23,4;32,5;FALSE
"2A";"Corse-du-Sud";"Employes";58;23,4;22;24,9;40,3;FALSE
"2A";"Corse-du-Sud";"Ouvriers";77;32,7;31;34,6;42,5;FALSE
"2B";"Haute-Corse";"Cadres";75;22,3;21,2;23,4;29,7;FALSE
"2B";"Haute-Corse";"Prof. intermediaires";89;37,3;35,7;39;42;FALSE
"2B";"Haute-Corse";"Employes";69;34,9;33,3;36,6;50,6;FALSE
"2B";"Haute-Corse";"Ouvriers";88;39,6;37,8;41,6;45;FALSE
"33";"Gironde";"Cadres";62;20,1;19,1;21,2;32,5;FALSE
"33";"Gironde";"Prof. intermediaires";75;24,8;23,3;26,4;33;FALSE
"33";"Gironde";"Employes";56;26,4;24,9;28,1;47,2;FALSE
"33";"Gironde";"Ouvriers";84;41;39,2;42,9;48,8;FALSE
"35";"Ille-et-Vilaine";"Cadres";57;14,4;13,2;15,7;25,2;FALSE
"35";"Ille-et-Vilaine";"Prof. intermediaires";70;31,3;29,7;32,9;44,7;FALSE
"35";"Ille-et-Vilaine";"Employes";47;19,4;18,4;20,3;41,2;FALSE
"35";"Ille-et-Vilaine";"Ouvriers";61;32,9;31,5;34,4;53,9;FALSE
"44";"Loire-Atlantique";"Cadres";78;24,6;23,1;26,1;31,5;FALSE
"44";"Loire-Atlantique";"Prof. intermediaires";70;27,9;26,6;29,4;39,9;FALSE
"44";"Loire-Atlantique";"Employes";70;26,9;25,4;28,6;38,5;FALSE
"44";"Loire-Atlantique";"Ouvriers";88;53,9;51,9;56;61,3;FALSE
"56";"Morbihan";"Cadres";69;17,4;16,1;18,8;25,2;FALSE
"56";"Morbihan";"Prof. intermediaires";60;19,8;18,6;21;33;FALSE
"56";"Morbihan";"Employes";51;17,9;16,9;19,1;35,2;FALSE
"56";"Morbihan";"Ouvriers";72;27,9;26,2;29,7;38,7;FALSE
"59";"Nord";"Cadres";77;22,1;20,3;23,9;28,7;FALSE
"59";"Nord";"Prof. intermediaires";82;33,3;31,6;35,1;40,7;FALSE
"59";"Nord";"Employes";64;38,1;36,8;39,5;59,6;FALSE
"59";"Nord";"Ouvriers";111;58,5;56,1;60,9;52,7;FALSE
"64";"Pyrénées-Atlantiques";"Cadres";80;28,8;26,9;30,7;36;FALSE
"64";"Pyrénées-Atlantiques";"Prof. intermediaires";82;34,3;32,8;35,8;41,9;FALSE
"64";"Pyrénées-Atlantiques";"Employes";55;28,6;27,6;29,7;52,1;FALSE
"64";"Pyrénées-Atlantiques";"Ouvriers";97;58,7;56,4;61;60,5;FALSE
"69";"Rhône";"Cadres";64;22;20,4;23,7;34,4;FALSE
"69";"Rhône";"Prof. intermediaires";81;30,7;28,9;32,6;38;FALSE
"69";"Rhône";"Employes";52;24,2;23,2;25,3;46,6;FALSE
"69";"Rhône";"Ouvriers";80;42;39,9;44,2;52,5;FALSE
"75";"Paris";"Cadres";70;18,6;17,4;19,9;26,6;FALSE
"75";"Paris";"Prof. intermediaires";81;32,3;30,6;34;39,8;FALSE
"75";"Paris";"Employes";52;26,8;25,3;28,2;51,6;FALSE
"75";"Paris";"Ouvriers";84;36,7;34,8;38,7;43,7;FALSE
"78";"Yvelines";"Cadres";53;17,5;16,8;18,3;33;FALSE
"78";"Yvelines";"Prof. intermediaires";75;24,4;22,8;26,2;32,5;FALSE
"78";"Yvelines";"Employes";51;25,2;24,1;26,4;49,5;FALSE
"78";"Yvelines";"Ouvriers";78;39,4;37,2;41,6;50,5;FALSE
"83";"Var";"Cadres";77;27,2;25,5;29;35,4;FALSE
"83";"Var";"Prof. intermediaires";87;35,8;33,7;37,9;41,1;FALSE
"83";"Var";"Employes";60;32;30,5;33,4;53,3;FALSE
"83";"Var";"Ouvriers";89;47,6;45,6;49,6;53,5;FALSE
"86";"Vienne";"Cadres";68;12,4;11,5;13,4;18,2;FALSE
"86";"Vienne";"Prof. intermediaires";58;14,5;13,5;15,6;25;FALSE
"86";"Vienne";"Employes";41;12,3;11,6;13,2;30,1;FALSE
"86";"Vienne";"Ouvriers";65;25,5;23,9;27,1;39,2;FALSE
"87";"Haute-Vienne";"Cadres";82;20,6;18,9;22,5;25,2;FALSE
"87";"Haute-Vienne";"Prof. intermediaires";80;37,5;35,7;39,2;46,8;FALSE
"87";"Haute-Vienne";"Employes";61;26,5;25,2;27,8;43,4;FALSE
"87";"Haute-Vienne";"Ouvriers";98;51,5;49,3;53,8;52,5;FALSE
"91";"Essonne";"Cadres";58;14,3;13,6;15,1;24,7;FALSE
"91";"Essonne";"Prof. intermediaires";65;15,2;13,9;16,7;23,5;FALSE
"91";"Essonne";"Employes";41;14,1;13,1;15,2;34,4;FALSE
"91";"Essonne";"Ouvriers";69;28,9;27,2;30,6;41,8;FALSE
"93";"Seine-Saint-Denis";"Cadres";65;14,6;13,5;15,8;22,5;FALSE
"93";"Seine-Saint-Denis";"Prof. intermediaires";57;19,7;18,4;20,9;34,5;FALSE
"93";"Seine-Saint-Denis";"Employes";53;21,4;20,1;22,8;40,4;FALSE
"93";"Seine-Saint-Denis";"Ouvriers";68;28,9;27,2;30,7;42,5;FALSE
