"code";"Département";"effectif";"departs";"dont_retraite";"dont_invalidite";"dont_deces";"taux_pct";"bas";"haut"
"64";"Pyrénées-Atlantiques";140;118,4;115,7;1,9;0,9;84,6;114,1;122,4
"59";"Nord";140;115,6;112,7;1,9;1;82,6;111,5;119,4
"01";"Ain";134;111,1;108,3;1,9;0,9;82,9;106,9;114,9
"83";"Var";131;108,1;105,3;1,8;0,9;82,5;104;111,9
"87";"Haute-Vienne";129;103,9;100,9;1,9;1;80,5;99,7;107,8
"2B";"Haute-Corse";120;102,5;100,3;1,5;0,8;85,4;99,1;105,5
"44";"Loire-Atlantique";117;99,2;97,1;1,4;0,7;84,8;96,1;102
"18";"Cher";111;91,2;88,9;1,5;0,8;82,2;87,8;94,4
"09";"Ariège";105;87,5;85,4;1,4;0,7;83,3;84,3;90,4
"69";"Rhône";108;87,4;85;1,6;0,8;80,9;83,8;90,8
"33";"Gironde";99;82,5;80,4;1,4;0,7;83,3;79,4;85,3
"75";"Paris";95;79,1;77,2;1,2;0,7;83,3;76,3;81,7
"78";"Yvelines";82;72,7;71,3;0,9;0,5;88,6;70,6;74,5
"35";"Ille-et-Vilaine";89;72,6;70,7;1,3;0,6;81,6;69,8;75,3
"2A";"Corse-du-Sud";78;64;62,4;1;0,6;82;61,6;66,2
"03";"Allier";75;62,2;60,6;1,2;0,5;83;59,9;64,4
"93";"Seine-Saint-Denis";69;55,5;53,8;1,1;0,6;80,5;53;57,8
"56";"Morbihan";61;50,4;49,2;0,8;0,4;82,7;48,5;52,2
"91";"Essonne";53;43,8;42,7;0,8;0,4;82,7;42,2;45,4
"86";"Vienne";48;38,5;37,4;0,7;0,4;80,1;37;39,8
"";"Ensemble du périmètre";1984;1646,3;1605,3;27;14;83;1585,5;1701,8
