"code";"Zone d'emploi";"effectif";"departs";"dont_retraite";"dont_invalidite";"dont_deces";"taux_pct";"bas";"haut"
"Versailles";"Versailles";78;66,7;65,4;0,8;0,4;85,5;64,5;68,6
"Lille";"Lille";75;63,8;62,6;0,7;0,4;85;61,7;65,7
"Dijon";"Dijon";72;62,7;61,5;0,7;0,4;87;60,7;64,4
"Tarbes";"Tarbes";71;61,6;60,6;0,6;0,4;86,8;59,8;63,3
"Lorient";"Lorient";68;59,8;58,8;0,7;0,3;87,9;57,9;61,4
"Nancy";"Nancy";68;58,9;57,9;0,7;0,4;86,6;57,1;60,5
"Cherbourg-en-Cotentin";"Cherbourg-en-Cotentin";67;58,8;57,8;0,6;0,3;87,7;56,9;60,4
"Paris";"Paris";64;58,2;57,5;0,5;0,3;91;56,8;59,4
"Belfort";"Belfort";69;58;56,8;0,8;0,4;84,1;55,9;59,9
"Nice";"Nice";64;55,2;54,1;0,7;0,4;86,2;53,2;56,9
"Aix-en-Provence";"Aix-en-Provence";62;54,7;53,8;0,6;0,3;88,3;53,2;56,1
"Évry";"Évry";61;53,9;53,1;0,6;0,3;88,4;52,4;55,2
"Poitiers";"Poitiers";57;51,5;50,9;0,4;0,2;90,4;50,3;52,6
"Limoges";"Limoges";59;49,9;48,9;0,6;0,4;84,6;48,3;51,4
"Douai";"Douai";56;48,7;47,8;0,5;0,3;86,9;47,1;50
"Toulouse";"Toulouse";54;47;46,1;0,6;0,3;87;45,5;48,3
"Brest";"Brest";54;45,7;44,8;0,6;0,3;84,7;44,2;47,2
"Bordeaux";"Bordeaux";48;44,5;44,1;0,3;0,2;92,8;43,7;45,3
"Mulhouse";"Mulhouse";50;44,4;43,7;0,4;0,2;88,8;43,2;45,5
"Caen";"Caen";49;44,2;43,6;0,4;0,2;90,2;43,2;45,1
"Toulon";"Toulon";51;43,3;42,5;0,6;0,3;85;41,8;44,7
"Tours";"Tours";50;43,3;42,6;0,4;0,3;86,7;42,1;44,4
"Valenciennes";"Valenciennes";48;42,8;42,1;0,4;0,2;89,1;41,6;43,8
"Bourges";"Bourges";45;39,6;38,9;0,4;0,2;88;38,4;40,6
"Rennes";"Rennes";43;38,4;37,9;0,4;0,2;89,4;37,5;39,3
"Angoulême";"Angoulême";43;37,4;36,8;0,4;0,2;87,1;36,3;38,5
"Créteil";"Créteil";44;37,4;36,6;0,5;0,3;85;36,1;38,6
"Marseille";"Marseille";45;37,4;36,6;0,5;0,3;83;36;38,6
"Pau";"Pau";41;37,4;36,9;0,3;0,2;91,1;36,5;38,1
"Grenoble";"Grenoble";33;30,5;30,1;0,2;0,1;92,3;29,8;31
"Saint-Nazaire";"Saint-Nazaire";33;29,2;28,7;0,3;0,2;88,5;28,4;29,9
"Rouen";"Rouen";31;26,4;25,9;0,3;0,2;85,1;25,5;27,2
"Le Havre";"Le Havre";29;26,3;25,9;0,2;0,1;90,5;25,6;26,8
"Valence";"Valence";28;24,1;23,7;0,3;0,1;86,2;23,3;24,8
"Istres";"Istres";27;23,6;23,3;0,2;0,1;87,5;23,1;24,2
"Clermont-Ferrand";"Clermont-Ferrand";26;23,6;23,4;0,2;0,1;90,9;23,1;24,1
"Le Mans";"Le Mans";26;22,5;22,2;0,2;0,1;86,6;21,8;23,2
"Nantes";"Nantes";25;22,5;22,1;0,2;0,1;89,9;21,8;23
"Metz";"Metz";23;20,3;19,9;0,2;0,1;88,1;19,5;20,9
"Strasbourg";"Strasbourg";19;16,8;16,5;0,2;0,1;88,2;16,3;17,2
"Lyon";"Lyon";18;16;15,7;0,2;0,1;88,6;15,5;16,4
"Orléans";"Orléans";10;9,1;9;0,1;0;91,2;8,9;9,3
"";"Ensemble du périmètre";1984;1736,1;1707,4;18,6;10,1;87,5;1684,5;1781,9
