"region_code";"region_nom";"cs1";"effectif_champ";"departs_central";"departs_bas";"departs_haut";"dep_retraite";"dep_invalidite";"dep_deces";"taux_depart_central_pct";"masque";"motif_masque"
"11";"Île-de-France";"Cadres";246;59;55;62;51;4;4;23,9;FALSE;NA
"11";"Île-de-France";"Employes";197;79;74;84;71;6;2;40,2;FALSE;NA
"11";"Île-de-France";"Ouvriers";299;122;115;129;106;12;4;40,6;FALSE;NA
"11";"Île-de-France";"Prof. intermediaires";278;82;77;87;70;8;4;29,4;FALSE;NA
"24";"Centre-Val de Loire";"Cadres";72;20;18;21;17;1;2;27,2;FALSE;NA
"24";"Centre-Val de Loire";"Employes";46;19;18;20;17;1;1;41,1;FALSE;NA
"24";"Centre-Val de Loire";"Ouvriers";77;40;38;42;36;3;1;51,9;FALSE;NA
"24";"Centre-Val de Loire";"Prof. intermediaires";83;34;32;35;31;2;1;40,4;FALSE;NA
"32";"Hauts-de-France";"Cadres";77;19;18;21;16;1;2;24,9;FALSE;NA
"32";"Hauts-de-France";"Employes";64;36;34;37;34;1;1;55,9;FALSE;NA
"32";"Hauts-de-France";"Ouvriers";111;54;52;57;49;4;1;49,1;FALSE;NA
"32";"Hauts-de-France";"Prof. intermediaires";82;30;29;32;27;2;1;37,2;FALSE;NA
"52";"Pays de la Loire";"Cadres";78;22;21;24;20;1;1;28,4;FALSE;NA
"52";"Pays de la Loire";"Employes";70;24;23;26;21;2;1;34,7;FALSE;NA
"52";"Pays de la Loire";"Ouvriers";88;51;49;53;47;3;1;57,4;FALSE;NA
"52";"Pays de la Loire";"Prof. intermediaires";70;26;24;27;23;2;1;36,7;FALSE;NA
"53";"Bretagne";"Cadres";126;28;25;30;23;2;3;21,9;FALSE;NA
"53";"Bretagne";"Employes";98;34;32;36;30;3;1;34,7;FALSE;NA
"53";"Bretagne";"Ouvriers";133;56;53;59;49;5;2;41,7;FALSE;NA
"53";"Bretagne";"Prof. intermediaires";130;46;44;49;41;3;2;35,7;FALSE;NA
"75";"Nouvelle-Aquitaine";"Cadres";292;73;67;78;63;5;5;24,8;FALSE;NA
"75";"Nouvelle-Aquitaine";"Employes";213;86;82;91;77;6;3;40,5;FALSE;NA
"75";"Nouvelle-Aquitaine";"Ouvriers";344;163;156;171;147;12;4;47,5;FALSE;NA
"75";"Nouvelle-Aquitaine";"Prof. intermediaires";295;101;96;107;90;7;4;34,4;FALSE;NA
"76";"Occitanie";"Cadres";82;21;20;22;19;1;1;25,7;FALSE;NA
"76";"Occitanie";"Employes";52;21;20;22;19;1;1;40,2;FALSE;NA
"76";"Occitanie";"Ouvriers";87;42;40;45;38;3;1;48,5;FALSE;NA
"76";"Occitanie";"Prof. intermediaires";75;27;26;29;24;2;1;36,3;FALSE;NA
"84";"Auvergne-Rhône-Alpes";"Cadres";207;49;45;53;42;3;4;23,7;FALSE;NA
"84";"Auvergne-Rhône-Alpes";"Employes";159;66;63;70;60;4;2;41,5;FALSE;NA
"84";"Auvergne-Rhône-Alpes";"Ouvriers";262;127;121;134;114;10;3;48,6;FALSE;NA
"84";"Auvergne-Rhône-Alpes";"Prof. intermediaires";232;84;79;89;75;6;3;36;FALSE;NA
"93";"Provence-Alpes-Côte d'Azur";"Cadres";77;24;23;26;22;1;1;31,6;FALSE;NA
"93";"Provence-Alpes-Côte d'Azur";"Employes";60;30;28;31;27;2;1;49,2;FALSE;NA
"93";"Provence-Alpes-Côte d'Azur";"Ouvriers";89;44;42;46;40;3;1;49,7;FALSE;NA
"93";"Provence-Alpes-Côte d'Azur";"Prof. intermediaires";87;32;30;34;29;2;1;37,1;FALSE;NA
"94";"Corse";"Cadres";139;37;34;39;33;2;2;26,3;FALSE;NA
"94";"Corse";"Employes";127;53;51;56;48;4;1;42;FALSE;NA
"94";"Corse";"Ouvriers";165;66;63;70;58;6;2;40,3;FALSE;NA
"94";"Corse";"Prof. intermediaires";156;54;51;57;48;4;2;34,6;FALSE;NA
