"region_code";"region_nom";"geo_code";"geo_nom";"cs1";"effectif_champ";"departs_central";"departs_bas";"departs_haut";"dep_retraite";"dep_invalidite";"dep_deces";"taux_depart_central_pct";"masque";"motif_masque"
"11";"Île-de-France";"75";"Paris";"Cadres";70;17;15;18;15;1;1;23,7;FALSE;NA
"11";"Île-de-France";"75";"Paris";"Employes";52;24;23;26;22;1;1;46,7;FALSE;NA
"11";"Île-de-France";"75";"Paris";"Ouvriers";84;34;32;35;29;4;1;39,9;FALSE;NA
"11";"Île-de-France";"75";"Paris";"Prof. intermediaires";81;30;28;31;27;2;1;36,4;FALSE;NA
"11";"Île-de-France";"78";"Yvelines";"Cadres";53;16;16;17;14;1;1;30,7;FALSE;NA
"11";"Île-de-France";"78";"Yvelines";"Employes";51;23;22;24;21;1;1;45,7;FALSE;NA
"11";"Île-de-France";"78";"Yvelines";"Ouvriers";78;36;34;38;32;3;1;45,9;FALSE;NA
"11";"Île-de-France";"78";"Yvelines";"Prof. intermediaires";75;22;20;23;19;2;1;28,9;FALSE;NA
"11";"Île-de-France";"91";"Essonne";"Cadres";58;13;13;14;11;1;1;22,7;FALSE;NA
"11";"Île-de-France";"91";"Essonne";"Employes";41;12;11;13;10;1;1;30,2;FALSE;NA
"11";"Île-de-France";"91";"Essonne";"Ouvriers";69;26;25;28;22;3;1;37,8;FALSE;NA
"11";"Île-de-France";"91";"Essonne";"Prof. intermediaires";65;13;12;14;10;2;1;20,2;FALSE;NA
"11";"Île-de-France";"93";"Seine-Saint-Denis";"Cadres";65;13;12;14;11;1;1;19,6;FALSE;NA
"11";"Île-de-France";"93";"Seine-Saint-Denis";"Employes";53;19;18;20;17;1;1;36,1;FALSE;NA
"11";"Île-de-France";"93";"Seine-Saint-Denis";"Ouvriers";68;26;25;28;22;3;1;38,4;FALSE;NA
"11";"Île-de-France";"93";"Seine-Saint-Denis";"Prof. intermediaires";57;18;16;19;15;2;1;30,7;FALSE;NA
"24";"Centre-Val de Loire";"18";"Cher";"Cadres";72;20;18;21;17;1;2;27,2;FALSE;NA
"24";"Centre-Val de Loire";"18";"Cher";"Employes";46;19;18;20;17;1;1;41,1;FALSE;NA
"24";"Centre-Val de Loire";"18";"Cher";"Ouvriers";77;40;38;42;36;3;1;51,9;FALSE;NA
"24";"Centre-Val de Loire";"18";"Cher";"Prof. intermediaires";83;34;32;35;31;2;1;40,4;FALSE;NA
"32";"Hauts-de-France";"59";"Nord";"Cadres";77;19;18;21;16;1;2;24,9;FALSE;NA
"32";"Hauts-de-France";"59";"Nord";"Employes";64;36;34;37;34;1;1;55,9;FALSE;NA
"32";"Hauts-de-France";"59";"Nord";"Ouvriers";111;54;52;57;49;4;1;49,1;FALSE;NA
"32";"Hauts-de-France";"59";"Nord";"Prof. intermediaires";82;30;29;32;27;2;1;37,2;FALSE;NA
"52";"Pays de la Loire";"44";"Loire-Atlantique";"Cadres";78;22;21;24;20;1;1;28,4;FALSE;NA
"52";"Pays de la Loire";"44";"Loire-Atlantique";"Employes";70;24;23;26;21;2;1;34,7;FALSE;NA
"52";"Pays de la Loire";"44";"Loire-Atlantique";"Ouvriers";88;51;49;53;47;3;1;57,4;FALSE;NA
"52";"Pays de la Loire";"44";"Loire-Atlantique";"Prof. intermediaires";70;26;24;27;23;2;1;36,7;FALSE;NA
"53";"Bretagne";"35";"Ille-et-Vilaine";"Cadres";57;12;11;14;10;1;1;21,7;FALSE;NA
"53";"Bretagne";"35";"Ille-et-Vilaine";"Employes";47;18;17;19;16;1;1;37,8;FALSE;NA
"53";"Bretagne";"35";"Ille-et-Vilaine";"Ouvriers";61;31;29;32;28;2;1;50;FALSE;NA
"53";"Bretagne";"35";"Ille-et-Vilaine";"Prof. intermediaires";70;29;27;30;26;2;1;40,8;FALSE;NA
"53";"Bretagne";"56";"Morbihan";"Cadres";69;15;14;16;13;1;1;22;FALSE;NA
"53";"Bretagne";"56";"Morbihan";"Employes";51;16;15;17;14;1;1;31,8;FALSE;NA
"53";"Bretagne";"56";"Morbihan";"Ouvriers";72;25;23;27;21;3;1;34,7;FALSE;NA
"53";"Bretagne";"56";"Morbihan";"Prof. intermediaires";60;18;17;19;15;2;1;29,8;FALSE;NA
"75";"Nouvelle-Aquitaine";"33";"Gironde";"Cadres";62;18;17;19;16;1;1;29,6;FALSE;NA
"75";"Nouvelle-Aquitaine";"33";"Gironde";"Employes";56;24;22;25;21;2;1;42,5;FALSE;NA
"75";"Nouvelle-Aquitaine";"33";"Gironde";"Ouvriers";84;38;36;40;34;3;1;45,3;FALSE;NA
"75";"Nouvelle-Aquitaine";"33";"Gironde";"Prof. intermediaires";75;22;21;24;19;2;1;29,7;FALSE;NA
"75";"Nouvelle-Aquitaine";"64";"Pyrénées-Atlantiques";"Cadres";80;26;24;27;23;1;2;32;FALSE;NA
"75";"Nouvelle-Aquitaine";"64";"Pyrénées-Atlantiques";"Employes";55;27;26;28;25;1;1;48,8;FALSE;NA
"75";"Nouvelle-Aquitaine";"64";"Pyrénées-Atlantiques";"Ouvriers";97;55;52;57;51;3;1;56,4;FALSE;NA
"75";"Nouvelle-Aquitaine";"64";"Pyrénées-Atlantiques";"Prof. intermediaires";82;32;30;33;29;2;1;38,7;FALSE;NA
"75";"Nouvelle-Aquitaine";"86";"Vienne";"Cadres";68;11;10;12;9;1;1;16;FALSE;NA
"75";"Nouvelle-Aquitaine";"86";"Vienne";"Employes";41;11;11;12;9;1;1;27,2;FALSE;NA
"75";"Nouvelle-Aquitaine";"86";"Vienne";"Ouvriers";65;23;21;24;19;3;1;35,1;FALSE;NA
"75";"Nouvelle-Aquitaine";"86";"Vienne";"Prof. intermediaires";58;13;12;14;10;2;1;22,2;FALSE;NA
"75";"Nouvelle-Aquitaine";"87";"Haute-Vienne";"Cadres";82;18;16;19;15;1;2;21,7;FALSE;NA
"75";"Nouvelle-Aquitaine";"87";"Haute-Vienne";"Employes";61;24;23;26;22;1;1;40;FALSE;NA
"75";"Nouvelle-Aquitaine";"87";"Haute-Vienne";"Ouvriers";98;48;46;50;43;4;1;48,7;FALSE;NA
"75";"Nouvelle-Aquitaine";"87";"Haute-Vienne";"Prof. intermediaires";80;34;33;36;31;2;1;43,1;FALSE;NA
"76";"Occitanie";"09";"Ariège";"Cadres";82;21;20;22;19;1;1;25,7;FALSE;NA
"76";"Occitanie";"09";"Ariège";"Employes";52;21;20;22;19;1;1;40,2;FALSE;NA
"76";"Occitanie";"09";"Ariège";"Ouvriers";87;42;40;45;38;3;1;48,5;FALSE;NA
"76";"Occitanie";"09";"Ariège";"Prof. intermediaires";75;27;26;29;24;2;1;36,3;FALSE;NA
"84";"Auvergne-Rhône-Alpes";"01";"Ain";"Cadres";74;17;16;19;15;1;1;23,5;FALSE;NA
"84";"Auvergne-Rhône-Alpes";"01";"Ain";"Employes";61;29;27;31;26;2;1;47,5;FALSE;NA
"84";"Auvergne-Rhône-Alpes";"01";"Ain";"Ouvriers";90;47;46;49;43;3;1;52,7;FALSE;NA
"84";"Auvergne-Rhône-Alpes";"01";"Ain";"Prof. intermediaires";82;37;35;39;34;2;1;45,3;FALSE;NA
"84";"Auvergne-Rhône-Alpes";"03";"Allier";"Cadres";69;12;12;13;10;1;1;17,9;FALSE;NA
"84";"Auvergne-Rhône-Alpes";"03";"Allier";"Employes";46;15;14;15;12;2;1;31,5;FALSE;NA
"84";"Auvergne-Rhône-Alpes";"03";"Allier";"Ouvriers";92;41;39;44;36;4;1;45,1;FALSE;NA
"84";"Auvergne-Rhône-Alpes";"03";"Allier";"Prof. intermediaires";69;19;17;20;16;2;1;27,2;FALSE;NA
"84";"Auvergne-Rhône-Alpes";"69";"Rhône";"Cadres";64;19;18;21;17;1;1;30,2;FALSE;NA
"84";"Auvergne-Rhône-Alpes";"69";"Rhône";"Employes";52;23;22;24;21;1;1;43,4;FALSE;NA
"84";"Auvergne-Rhône-Alpes";"69";"Rhône";"Ouvriers";80;38;37;40;34;3;1;48,1;FALSE;NA
"84";"Auvergne-Rhône-Alpes";"69";"Rhône";"Prof. intermediaires";81;28;26;29;25;2;1;34,2;FALSE;NA
"93";"Provence-Alpes-Côte d'Azur";"83";"Var";"Cadres";77;24;23;26;22;1;1;31,6;FALSE;NA
"93";"Provence-Alpes-Côte d'Azur";"83";"Var";"Employes";60;30;28;31;27;2;1;49,2;FALSE;NA
"93";"Provence-Alpes-Côte d'Azur";"83";"Var";"Ouvriers";89;44;42;46;40;3;1;49,7;FALSE;NA
"93";"Provence-Alpes-Côte d'Azur";"83";"Var";"Prof. intermediaires";87;32;30;34;29;2;1;37,1;FALSE;NA
"94";"Corse";"2A";"Corse-du-Sud";"Cadres";64;16;15;17;14;1;1;25,3;FALSE;NA
"94";"Corse";"2A";"Corse-du-Sud";"Employes";58;21;20;22;18;2;1;36,4;FALSE;NA
"94";"Corse";"2A";"Corse-du-Sud";"Ouvriers";77;30;28;32;26;3;1;38,8;FALSE;NA
"94";"Corse";"2A";"Corse-du-Sud";"Prof. intermediaires";67;19;18;21;16;2;1;28,9;FALSE;NA
"94";"Corse";"2B";"Haute-Corse";"Cadres";75;20;19;22;18;1;1;27,2;FALSE;NA
"94";"Corse";"2B";"Haute-Corse";"Employes";69;32;31;34;29;2;1;46,7;FALSE;NA
"94";"Corse";"2B";"Haute-Corse";"Ouvriers";88;37;35;38;32;4;1;41,6;FALSE;NA
"94";"Corse";"2B";"Haute-Corse";"Prof. intermediaires";89;35;33;36;32;2;1;38,8;FALSE;NA
