"pcs";"cs1";"effectif_champ";"departs_central";"departs_bas";"departs_haut";"dep_retraite";"dep_invalidite";"dep_deces";"taux_depart_central_pct";"masque";"motif_masque"
"3719";"Cadres";275;68;62;73;58;5;5;24,6;FALSE;NA
"3753";"Cadres";275;71;66;76;62;4;5;25,8;FALSE;NA
"3812";"Cadres";296;79;74;84;69;5;5;26,6;FALSE;NA
"3822";"Cadres";276;66;62;70;57;4;5;24;FALSE;NA
"3892";"Cadres";274;68;63;72;59;4;5;24,7;FALSE;NA
"4611";"Prof. intermediaires";314;110;104;117;98;8;4;35,2;FALSE;NA
"4620";"Prof. intermediaires";296;101;96;107;90;7;4;34,2;FALSE;NA
"4631";"Prof. intermediaires";271;103;98;108;92;7;4;38;FALSE;NA
"4642";"Prof. intermediaires";293;85;79;91;72;8;5;29;FALSE;NA
"4652";"Prof. intermediaires";314;117;111;123;105;8;4;37,2;FALSE;NA
"5311";"Employes";207;90;86;95;82;6;2;43,6;FALSE;NA
"5411";"Employes";203;83;78;88;74;6;3;41;FALSE;NA
"5422";"Employes";238;94;89;99;84;7;3;39,5;FALSE;NA
"5511";"Employes";220;97;93;102;88;6;3;44,2;FALSE;NA
"5621";"Employes";218;83;79;88;74;6;3;38,2;FALSE;NA
"6210";"Ouvriers";316;154;147;162;139;12;3;48,8;FALSE;NA
"6234";"Ouvriers";349;152;144;160;134;14;4;43,5;FALSE;NA
"6543";"Ouvriers";330;145;138;152;129;12;4;43,8;FALSE;NA
"6712";"Ouvriers";339;160;153;167;144;12;4;47,2;FALSE;NA
"6821";"Ouvriers";321;155;148;162;140;12;3;48,3;FALSE;NA
