"region_code";"region_nom";"geo_code";"geo_nom";"pcs";"cs1";"effectif_champ";"departs_central";"departs_bas";"departs_haut";"dep_retraite";"dep_invalidite";"dep_deces";"taux_depart_central_pct";"masque";"motif_masque"
"11";"Île-de-France";"75";"Paris";"3719";"Cadres";NA;NA;NA;NA;NA;NA;NA;NA;TRUE;"primaire"
"11";"Île-de-France";"75";"Paris";"3753";"Cadres";NA;NA;NA;NA;NA;NA;NA;NA;TRUE;"primaire"
"11";"Île-de-France";"75";"Paris";"3812";"Cadres";NA;NA;NA;NA;NA;NA;NA;NA;TRUE;"primaire"
"11";"Île-de-France";"75";"Paris";"3822";"Cadres";NA;NA;NA;NA;NA;NA;NA;NA;TRUE;"primaire"
"11";"Île-de-France";"75";"Paris";"3892";"Cadres";NA;NA;NA;NA;NA;NA;NA;NA;TRUE;"primaire"
"11";"Île-de-France";"75";"Paris";"4611";"Prof. intermediaires";NA;NA;NA;NA;NA;NA;NA;NA;TRUE;"primaire"
"11";"Île-de-France";"75";"Paris";"4620";"Prof. intermediaires";NA;NA;NA;NA;NA;NA;NA;NA;TRUE;"primaire"
"11";"Île-de-France";"75";"Paris";"4631";"Prof. intermediaires";NA;NA;NA;NA;NA;NA;NA;NA;TRUE;"primaire"
"11";"Île-de-France";"75";"Paris";"4642";"Prof. intermediaires";NA;NA;NA;NA;NA;NA;NA;NA;TRUE;"primaire"
"11";"Île-de-France";"75";"Paris";"4652";"Prof. intermediaires";NA;NA;NA;NA;NA;NA;NA;NA;TRUE;"primaire"
"11";"Île-de-France";"75";"Paris";"5311";"Employes";NA;NA;NA;NA;NA;NA;NA;NA;TRUE;"primaire"
"11";"Île-de-France";"75";"Paris";"5411";"Employes";NA;NA;NA;NA;NA;NA;NA;NA;TRUE;"primaire"
"11";"Île-de-France";"75";"Paris";"5422";"Employes";NA;NA;NA;NA;NA;NA;NA;NA;TRUE;"primaire"
"11";"Île-de-France";"75";"Paris";"5511";"Employes";NA;NA;NA;NA;NA;NA;NA;NA;TRUE;"primaire"
"11";"Île-de-France";"75";"Paris";"5621";"Employes";NA;NA;NA;NA;NA;NA;NA;NA;TRUE;"primaire"
"11";"Île-de-France";"75";"Paris";"6210";"Ouvriers";NA;NA;NA;NA;NA;NA;NA;NA;TRUE;"primaire"
"11";"Île-de-France";"75";"Paris";"6234";"Ouvriers";NA;NA;NA;NA;NA;NA;NA;NA;TRUE;"primaire"
"11";"Île-de-France";"75";"Paris";"6543";"Ouvriers";NA;NA;NA;NA;NA;NA;NA;NA;TRUE;"primaire"
"11";"Île-de-France";"75";"Paris";"6712";"Ouvriers";20;8,5;8;9;7,5;0,7;0,3;42,5;FALSE;NA
"11";"Île-de-France";"75";"Paris";"6821";"Ouvriers";NA;NA;NA;NA;NA;NA;NA;NA;TRUE;"primaire"
"11";"Île-de-France";"78";"Yvelines";"3719";"Cadres";NA;NA;NA;NA;NA;NA;NA;NA;TRUE;"primaire"
"11";"Île-de-France";"78";"Yvelines";"3753";"Cadres";NA;NA;NA;NA;NA;NA;NA;NA;TRUE;"primaire"
"11";"Île-de-France";"78";"Yvelines";"3812";"Cadres";NA;NA;NA;NA;NA;NA;NA;NA;TRUE;"primaire"
"11";"Île-de-France";"78";"Yvelines";"3822";"Cadres";NA;NA;NA;NA;NA;NA;NA;NA;TRUE;"primaire"
"11";"Île-de-France";"78";"Yvelines";"3892";"Cadres";NA;NA;NA;NA;NA;NA;NA;NA;TRUE;"primaire"
"11";"Île-de-France";"78";"Yvelines";"4611";"Prof. intermediaires";NA;NA;NA;NA;NA;NA;NA;NA;TRUE;"primaire"
"11";"Île-de-France";"78";"Yvelines";"4620";"Prof. intermediaires";NA;NA;NA;NA;NA;NA;NA;NA;TRUE;"primaire"
"11";"Île-de-France";"78";"Yvelines";"4631";"Prof. intermediaires";NA;NA;NA;NA;NA;NA;NA;NA;TRUE;"primaire"
"11";"Île-de-France";"78";"Yvelines";"4642";"Prof. intermediaires";NA;NA;NA;NA;NA;NA;NA;NA;TRUE;"primaire"
"11";"Île-de-France";"78";"Yvelines";"4652";"Prof. intermediaires";NA;NA;NA;NA;NA;NA;NA;NA;TRUE;"primaire"
"11";"Île-de-France";"78";"Yvelines";"5311";"Employes";NA;NA;NA;NA;NA;NA;NA;NA;TRUE;"primaire"
"11";"Île-de-France";"78";"Yvelines";"5411";"Employes";NA;NA;NA;NA;NA;NA;NA;NA;TRUE;"primaire"
"11";"Île-de-France";"78";"Yvelines";"5422";"Employes";NA;NA;NA;NA;NA;NA;NA;NA;TRUE;"primaire"
"11";"Île-de-France";"78";"Yvelines";"5511";"Employes";NA;NA;NA;NA;NA;NA;NA;NA;TRUE;"primaire"
"11";"Île-de-France";"78";"Yvelines";"5621";"Employes";NA;NA;NA;NA;NA;NA;NA;NA;TRUE;"primaire"
"11";"Île-de-France";"78";"Yvelines";"6210";"Ouvriers";NA;NA;NA;NA;NA;NA;NA;NA;TRUE;"primaire"
"11";"Île-de-France";"78";"Yvelines";"6234";"Ouvriers";NA;NA;NA;NA;NA;NA;NA;NA;TRUE;"primaire"
"11";"Île-de-France";"78";"Yvelines";"6543";"Ouvriers";NA;NA;NA;NA;NA;NA;NA;NA;TRUE;"primaire"
"11";"Île-de-France";"78";"Yvelines";"6712";"Ouvriers";NA;NA;NA;NA;NA;NA;NA;NA;TRUE;"primaire"
"11";"Île-de-France";"78";"Yvelines";"6821";"Ouvriers";NA;NA;NA;NA;NA;NA;NA;NA;TRUE;"primaire"
"11";"Île-de-France";"91";"Essonne";"3719";"Cadres";NA;NA;NA;NA;NA;NA;NA;NA;TRUE;"primaire"
"11";"Île-de-France";"91";"Essonne";"3753";"Cadres";NA;NA;NA;NA;NA;NA;NA;NA;TRUE;"primaire"
"11";"Île-de-France";"91";"Essonne";"3812";"Cadres";NA;NA;NA;NA;NA;NA;NA;NA;TRUE;"primaire"
"11";"Île-de-France";"91";"Essonne";"3822";"Cadres";NA;NA;NA;NA;NA;NA;NA;NA;TRUE;"primaire"
"11";"Île-de-France";"91";"Essonne";"3892";"Cadres";NA;NA;NA;NA;NA;NA;NA;NA;TRUE;"primaire"
"11";"Île-de-France";"91";"Essonne";"4611";"Prof. intermediaires";NA;NA;NA;NA;NA;NA;NA;NA;TRUE;"primaire"
"11";"Île-de-France";"91";"Essonne";"4620";"Prof. intermediaires";NA;NA;NA;NA;NA;NA;NA;NA;TRUE;"primaire"
"11";"Île-de-France";"91";"Essonne";"4631";"Prof. intermediaires";NA;NA;NA;NA;NA;NA;NA;NA;TRUE;"primaire"
"11";"Île-de-France";"91";"Essonne";"4642";"Prof. intermediaires";NA;NA;NA;NA;NA;NA;NA;NA;TRUE;"primaire"
"11";"Île-de-France";"91";"Essonne";"4652";"Prof. intermediaires";NA;NA;NA;NA;NA;NA;NA;NA;TRUE;"primaire"
"11";"Île-de-France";"91";"Essonne";"5311";"Employes";NA;NA;NA;NA;NA;NA;NA;NA;TRUE;"primaire"
"11";"Île-de-France";"91";"Essonne";"5411";"Employes";NA;NA;NA;NA;NA;NA;NA;NA;TRUE;"primaire"
"11";"Île-de-France";"91";"Essonne";"5422";"Employes";NA;NA;NA;NA;NA;NA;NA;NA;TRUE;"primaire"
"11";"Île-de-France";"91";"Essonne";"5511";"Employes";NA;NA;NA;NA;NA;NA;NA;NA;TRUE;"primaire"
"11";"Île-de-France";"91";"Essonne";"5621";"Employes";NA;NA;NA;NA;NA;NA;NA;NA;TRUE;"primaire"
"11";"Île-de-France";"91";"Essonne";"6210";"Ouvriers";NA;NA;NA;NA;NA;NA;NA;NA;TRUE;"primaire"
"11";"Île-de-France";"91";"Essonne";"6234";"Ouvriers";NA;NA;NA;NA;NA;NA;NA;NA;TRUE;"primaire"
"11";"Île-de-France";"91";"Essonne";"6543";"Ouvriers";NA;NA;NA;NA;NA;NA;NA;NA;TRUE;"primaire"
"11";"Île-de-France";"91";"Essonne";"6712";"Ouvriers";NA;NA;NA;NA;NA;NA;NA;NA;TRUE;"primaire"
"11";"Île-de-France";"91";"Essonne";"6821";"Ouvriers";NA;NA;NA;NA;NA;NA;NA;NA;TRUE;"primaire"
"11";"Île-de-France";"93";"Seine-Saint-Denis";"3719";"Cadres";21;4,9;4,5;5,2;4,2;0,3;0,4;23,1;FALSE;NA
"11";"Île-de-France";"93";"Seine-Saint-Denis";"3753";"Cadres";NA;NA;NA;NA;NA;NA;NA;NA;TRUE;"primaire"
"11";"Île-de-France";"93";"Seine-Saint-Denis";"3812";"Cadres";NA;NA;NA;NA;NA;NA;NA;NA;TRUE;"primaire"
"11";"Île-de-France";"93";"Seine-Saint-Denis";"3822";"Cadres";NA;NA;NA;NA;NA;NA;NA;NA;TRUE;"primaire"
"11";"Île-de-France";"93";"Seine-Saint-Denis";"3892";"Cadres";NA;NA;NA;NA;NA;NA;NA;NA;TRUE;"primaire"
"11";"Île-de-France";"93";"Seine-Saint-Denis";"4611";"Prof. intermediaires";NA;NA;NA;NA;NA;NA;NA;NA;TRUE;"primaire"
"11";"Île-de-France";"93";"Seine-Saint-Denis";"4620";"Prof. intermediaires";NA;NA;NA;NA;NA;NA;NA;NA;TRUE;"primaire"
"11";"Île-de-France";"93";"Seine-Saint-Denis";"4631";"Prof. intermediaires";NA;NA;NA;NA;NA;NA;NA;NA;TRUE;"primaire"
"11";"Île-de-France";"93";"Seine-Saint-Denis";"4642";"Prof. intermediaires";NA;NA;NA;NA;NA;NA;NA;NA;TRUE;"primaire"
"11";"Île-de-France";"93";"Seine-Saint-Denis";"4652";"Prof. intermediaires";NA;NA;NA;NA;NA;NA;NA;NA;TRUE;"primaire"
"11";"Île-de-France";"93";"Seine-Saint-Denis";"5311";"Employes";NA;NA;NA;NA;NA;NA;NA;NA;TRUE;"primaire"
"11";"Île-de-France";"93";"Seine-Saint-Denis";"5411";"Employes";NA;NA;NA;NA;NA;NA;NA;NA;TRUE;"primaire"
"11";"Île-de-France";"93";"Seine-Saint-Denis";"5422";"Employes";NA;NA;NA;NA;NA;NA;NA;NA;TRUE;"primaire"
"11";"Île-de-France";"93";"Seine-Saint-Denis";"5511";"Employes";NA;NA;NA;NA;NA;NA;NA;NA;TRUE;"primaire"
"11";"Île-de-France";"93";"Seine-Saint-Denis";"5621";"Employes";NA;NA;NA;NA;NA;NA;NA;NA;TRUE;"primaire"
"11";"Île-de-France";"93";"Seine-Saint-Denis";"6210";"Ouvriers";NA;NA;NA;NA;NA;NA;NA;NA;TRUE;"primaire"
"11";"Île-de-France";"93";"Seine-Saint-Denis";"6234";"Ouvriers";NA;NA;NA;NA;NA;NA;NA;NA;TRUE;"primaire"
"11";"Île-de-France";"93";"Seine-Saint-Denis";"6543";"Ouvriers";NA;NA;NA;NA;NA;NA;NA;NA;TRUE;"primaire"
"11";"Île-de-France";"93";"Seine-Saint-Denis";"6712";"Ouvriers";NA;NA;NA;NA;NA;NA;NA;NA;TRUE;"primaire"
"11";"Île-de-France";"93";"Seine-Saint-Denis";"6821";"Ouvriers";NA;NA;NA;NA;NA;NA;NA;NA;TRUE;"primaire"
"24";"Centre-Val de Loire";"18";"Cher";"3719";"Cadres";NA;NA;NA;NA;NA;NA;NA;NA;TRUE;"primaire"
"24";"Centre-Val de Loire";"18";"Cher";"3753";"Cadres";NA;NA;NA;NA;NA;NA;NA;NA;TRUE;"primaire"
"24";"Centre-Val de Loire";"18";"Cher";"3812";"Cadres";NA;NA;NA;NA;NA;NA;NA;NA;TRUE;"primaire"
"24";"Centre-Val de Loire";"18";"Cher";"3822";"Cadres";NA;NA;NA;NA;NA;NA;NA;NA;TRUE;"primaire"
"24";"Centre-Val de Loire";"18";"Cher";"3892";"Cadres";NA;NA;NA;NA;NA;NA;NA;NA;TRUE;"primaire"
"24";"Centre-Val de Loire";"18";"Cher";"4611";"Prof. intermediaires";NA;NA;NA;NA;NA;NA;NA;NA;TRUE;"primaire"
"24";"Centre-Val de Loire";"18";"Cher";"4620";"Prof. intermediaires";NA;NA;NA;NA;NA;NA;NA;NA;TRUE;"primaire"
"24";"Centre-Val de Loire";"18";"Cher";"4631";"Prof. intermediaires";NA;NA;NA;NA;NA;NA;NA;NA;TRUE;"primaire"
"24";"Centre-Val de Loire";"18";"Cher";"4642";"Prof. intermediaires";NA;NA;NA;NA;NA;NA;NA;NA;TRUE;"primaire"
"24";"Centre-Val de Loire";"18";"Cher";"4652";"Prof. intermediaires";21;9,6;9,2;10,1;8,9;0,5;0,3;45,9;FALSE;NA
"24";"Centre-Val de Loire";"18";"Cher";"5311";"Employes";NA;NA;NA;NA;NA;NA;NA;NA;TRUE;"primaire"
"24";"Centre-Val de Loire";"18";"Cher";"5411";"Employes";NA;NA;NA;NA;NA;NA;NA;NA;TRUE;"primaire"
"24";"Centre-Val de Loire";"18";"Cher";"5422";"Employes";NA;NA;NA;NA;NA;NA;NA;NA;TRUE;"primaire"
"24";"Centre-Val de Loire";"18";"Cher";"5511";"Employes";NA;NA;NA;NA;NA;NA;NA;NA;TRUE;"primaire"
"24";"Centre-Val de Loire";"18";"Cher";"5621";"Employes";NA;NA;NA;NA;NA;NA;NA;NA;TRUE;"primaire"
"24";"Centre-Val de Loire";"18";"Cher";"6210";"Ouvriers";NA;NA;NA;NA;NA;NA;NA;NA;TRUE;"primaire"
"24";"Centre-Val de Loire";"18";"Cher";"6234";"Ouvriers";20;7,7;7,3;8,1;6,6;0,8;0,3;38,3;FALSE;NA
"24";"Centre-Val de Loire";"18";"Cher";"6543";"Ouvriers";NA;NA;NA;NA;NA;NA;NA;NA;TRUE;"primaire"
"24";"Centre-Val de Loire";"18";"Cher";"6712";"Ouvriers";20;10,4;10;10,9;9,5;0,8;0,2;52,1;FALSE;NA
"24";"Centre-Val de Loire";"18";"Cher";"6821";"Ouvriers";NA;NA;NA;NA;NA;NA;NA;NA;TRUE;"primaire"
"32";"Hauts-de-France";"59";"Nord";"3719";"Cadres";NA;NA;NA;NA;NA;NA;NA;NA;TRUE;"primaire"
"32";"Hauts-de-France";"59";"Nord";"3753";"Cadres";23;6,4;5,9;6,9;5,6;0,4;0,4;27,9;FALSE;NA
"32";"Hauts-de-France";"59";"Nord";"3812";"Cadres";NA;NA;NA;NA;NA;NA;NA;NA;TRUE;"primaire"
"32";"Hauts-de-France";"59";"Nord";"3822";"Cadres";NA;NA;NA;NA;NA;NA;NA;NA;TRUE;"primaire"
"32";"Hauts-de-France";"59";"Nord";"3892";"Cadres";NA;NA;NA;NA;NA;NA;NA;NA;TRUE;"primaire"
"32";"Hauts-de-France";"59";"Nord";"4611";"Prof. intermediaires";NA;NA;NA;NA;NA;NA;NA;NA;TRUE;"primaire"
"32";"Hauts-de-France";"59";"Nord";"4620";"Prof. intermediaires";NA;NA;NA;NA;NA;NA;NA;NA;TRUE;"primaire"
"32";"Hauts-de-France";"59";"Nord";"4631";"Prof. intermediaires";NA;NA;NA;NA;NA;NA;NA;NA;TRUE;"primaire"
"32";"Hauts-de-France";"59";"Nord";"4642";"Prof. intermediaires";NA;NA;NA;NA;NA;NA;NA;NA;TRUE;"primaire"
"32";"Hauts-de-France";"59";"Nord";"4652";"Prof. intermediaires";NA;NA;NA;NA;NA;NA;NA;NA;TRUE;"primaire"
"32";"Hauts-de-France";"59";"Nord";"5311";"Employes";NA;NA;NA;NA;NA;NA;NA;NA;TRUE;"primaire"
"32";"Hauts-de-France";"59";"Nord";"5411";"Employes";NA;NA;NA;NA;NA;NA;NA;NA;TRUE;"primaire"
"32";"Hauts-de-France";"59";"Nord";"5422";"Employes";21;12,8;12,4;13,1;12,2;0,4;0,2;60,9;FALSE;NA
"32";"Hauts-de-France";"59";"Nord";"5511";"Employes";NA;NA;NA;NA;NA;NA;NA;NA;TRUE;"primaire"
"32";"Hauts-de-France";"59";"Nord";"5621";"Employes";NA;NA;NA;NA;NA;NA;NA;NA;TRUE;"primaire"
"32";"Hauts-de-France";"59";"Nord";"6210";"Ouvriers";22;10,8;10,2;11,3;9,7;0,8;0,2;48,9;FALSE;NA
"32";"Hauts-de-France";"59";"Nord";"6234";"Ouvriers";NA;NA;NA;NA;NA;NA;NA;NA;TRUE;"primaire"
"32";"Hauts-de-France";"59";"Nord";"6543";"Ouvriers";NA;NA;NA;NA;NA;NA;NA;NA;TRUE;"primaire"
"32";"Hauts-de-France";"59";"Nord";"6712";"Ouvriers";26;13;12,6;13,5;11,9;0,9;0,2;50,1;FALSE;NA
"32";"Hauts-de-France";"59";"Nord";"6821";"Ouvriers";28;12,1;11,4;12,8;10,6;1,1;0,3;43;FALSE;NA
"52";"Pays de la Loire";"44";"Loire-Atlantique";"3719";"Cadres";NA;NA;NA;NA;NA;NA;NA;NA;TRUE;"primaire"
"52";"Pays de la Loire";"44";"Loire-Atlantique";"3753";"Cadres";NA;NA;NA;NA;NA;NA;NA;NA;TRUE;"primaire"
"52";"Pays de la Loire";"44";"Loire-Atlantique";"3812";"Cadres";NA;NA;NA;NA;NA;NA;NA;NA;TRUE;"primaire"
"52";"Pays de la Loire";"44";"Loire-Atlantique";"3822";"Cadres";22;6,2;5,9;6,5;5,6;0,3;0,3;28,1;FALSE;NA
"52";"Pays de la Loire";"44";"Loire-Atlantique";"3892";"Cadres";NA;NA;NA;NA;NA;NA;NA;NA;TRUE;"primaire"
"52";"Pays de la Loire";"44";"Loire-Atlantique";"4611";"Prof. intermediaires";NA;NA;NA;NA;NA;NA;NA;NA;TRUE;"primaire"
"52";"Pays de la Loire";"44";"Loire-Atlantique";"4620";"Prof. intermediaires";NA;NA;NA;NA;NA;NA;NA;NA;TRUE;"primaire"
"52";"Pays de la Loire";"44";"Loire-Atlantique";"4631";"Prof. intermediaires";NA;NA;NA;NA;NA;NA;NA;NA;TRUE;"primaire"
"52";"Pays de la Loire";"44";"Loire-Atlantique";"4642";"Prof. intermediaires";NA;NA;NA;NA;NA;NA;NA;NA;TRUE;"primaire"
"52";"Pays de la Loire";"44";"Loire-Atlantique";"4652";"Prof. intermediaires";20;9,8;9,5;10;9,2;0,4;0,2;48,9;FALSE;NA
"52";"Pays de la Loire";"44";"Loire-Atlantique";"5311";"Employes";NA;NA;NA;NA;NA;NA;NA;NA;TRUE;"primaire"
"52";"Pays de la Loire";"44";"Loire-Atlantique";"5411";"Employes";NA;NA;NA;NA;NA;NA;NA;NA;TRUE;"primaire"
"52";"Pays de la Loire";"44";"Loire-Atlantique";"5422";"Employes";NA;NA;NA;NA;NA;NA;NA;NA;TRUE;"primaire"
"52";"Pays de la Loire";"44";"Loire-Atlantique";"5511";"Employes";NA;NA;NA;NA;NA;NA;NA;NA;TRUE;"primaire"
"52";"Pays de la Loire";"44";"Loire-Atlantique";"5621";"Employes";NA;NA;NA;NA;NA;NA;NA;NA;TRUE;"primaire"
"52";"Pays de la Loire";"44";"Loire-Atlantique";"6210";"Ouvriers";NA;NA;NA;NA;NA;NA;NA;NA;TRUE;"primaire"
"52";"Pays de la Loire";"44";"Loire-Atlantique";"6234";"Ouvriers";26;12,5;11,8;13,2;11,2;1;0,3;48;FALSE;NA
"52";"Pays de la Loire";"44";"Loire-Atlantique";"6543";"Ouvriers";NA;NA;NA;NA;NA;NA;NA;NA;TRUE;"primaire"
"52";"Pays de la Loire";"44";"Loire-Atlantique";"6712";"Ouvriers";21;15,9;15,4;16,4;15,3;0,5;0,2;75,9;FALSE;NA
"52";"Pays de la Loire";"44";"Loire-Atlantique";"6821";"Ouvriers";NA;NA;NA;NA;NA;NA;NA;NA;TRUE;"primaire"
"53";"Bretagne";"35";"Ille-et-Vilaine";"3719";"Cadres";NA;NA;NA;NA;NA;NA;NA;NA;TRUE;"primaire"
"53";"Bretagne";"35";"Ille-et-Vilaine";"3753";"Cadres";NA;NA;NA;NA;NA;NA;NA;NA;TRUE;"primaire"
"53";"Bretagne";"35";"Ille-et-Vilaine";"3812";"Cadres";NA;NA;NA;NA;NA;NA;NA;NA;TRUE;"primaire"
"53";"Bretagne";"35";"Ille-et-Vilaine";"3822";"Cadres";NA;NA;NA;NA;NA;NA;NA;NA;TRUE;"primaire"
"53";"Bretagne";"35";"Ille-et-Vilaine";"3892";"Cadres";NA;NA;NA;NA;NA;NA;NA;NA;TRUE;"primaire"
"53";"Bretagne";"35";"Ille-et-Vilaine";"4611";"Prof. intermediaires";NA;NA;NA;NA;NA;NA;NA;NA;TRUE;"primaire"
"53";"Bretagne";"35";"Ille-et-Vilaine";"4620";"Prof. intermediaires";NA;NA;NA;NA;NA;NA;NA;NA;TRUE;"primaire"
"53";"Bretagne";"35";"Ille-et-Vilaine";"4631";"Prof. intermediaires";NA;NA;NA;NA;NA;NA;NA;NA;TRUE;"primaire"
"53";"Bretagne";"35";"Ille-et-Vilaine";"4642";"Prof. intermediaires";NA;NA;NA;NA;NA;NA;NA;NA;TRUE;"primaire"
"53";"Bretagne";"35";"Ille-et-Vilaine";"4652";"Prof. intermediaires";NA;NA;NA;NA;NA;NA;NA;NA;TRUE;"primaire"
"53";"Bretagne";"35";"Ille-et-Vilaine";"5311";"Employes";NA;NA;NA;NA;NA;NA;NA;NA;TRUE;"primaire"
"53";"Bretagne";"35";"Ille-et-Vilaine";"5411";"Employes";NA;NA;NA;NA;NA;NA;NA;NA;TRUE;"primaire"
"53";"Bretagne";"35";"Ille-et-Vilaine";"5422";"Employes";NA;NA;NA;NA;NA;NA;NA;NA;TRUE;"primaire"
"53";"Bretagne";"35";"Ille-et-Vilaine";"5511";"Employes";NA;NA;NA;NA;NA;NA;NA;NA;TRUE;"primaire"
"53";"Bretagne";"35";"Ille-et-Vilaine";"5621";"Employes";NA;NA;NA;NA;NA;NA;NA;NA;TRUE;"primaire"
"53";"Bretagne";"35";"Ille-et-Vilaine";"6210";"Ouvriers";NA;NA;NA;NA;NA;NA;NA;NA;TRUE;"primaire"
"53";"Bretagne";"35";"Ille-et-Vilaine";"6234";"Ouvriers";NA;NA;NA;NA;NA;NA;NA;NA;TRUE;"primaire"
"53";"Bretagne";"35";"Ille-et-Vilaine";"6543";"Ouvriers";NA;NA;NA;NA;NA;NA;NA;NA;TRUE;"primaire"
"53";"Bretagne";"35";"Ille-et-Vilaine";"6712";"Ouvriers";NA;NA;NA;NA;NA;NA;NA;NA;TRUE;"primaire"
"53";"Bretagne";"35";"Ille-et-Vilaine";"6821";"Ouvriers";NA;NA;NA;NA;NA;NA;NA;NA;TRUE;"primaire"
"53";"Bretagne";"56";"Morbihan";"3719";"Cadres";NA;NA;NA;NA;NA;NA;NA;NA;TRUE;"primaire"
"53";"Bretagne";"56";"Morbihan";"3753";"Cadres";NA;NA;NA;NA;NA;NA;NA;NA;TRUE;"primaire"
"53";"Bretagne";"56";"Morbihan";"3812";"Cadres";NA;NA;NA;NA;NA;NA;NA;NA;TRUE;"primaire"
"53";"Bretagne";"56";"Morbihan";"3822";"Cadres";NA;NA;NA;NA;NA;NA;NA;NA;TRUE;"primaire"
"53";"Bretagne";"56";"Morbihan";"3892";"Cadres";NA;NA;NA;NA;NA;NA;NA;NA;TRUE;"primaire"
"53";"Bretagne";"56";"Morbihan";"4611";"Prof. intermediaires";NA;NA;NA;NA;NA;NA;NA;NA;TRUE;"primaire"
"53";"Bretagne";"56";"Morbihan";"4620";"Prof. intermediaires";NA;NA;NA;NA;NA;NA;NA;NA;TRUE;"primaire"
"53";"Bretagne";"56";"Morbihan";"4631";"Prof. intermediaires";NA;NA;NA;NA;NA;NA;NA;NA;TRUE;"primaire"
"53";"Bretagne";"56";"Morbihan";"4642";"Prof. intermediaires";NA;NA;NA;NA;NA;NA;NA;NA;TRUE;"primaire"
"53";"Bretagne";"56";"Morbihan";"4652";"Prof. intermediaires";NA;NA;NA;NA;NA;NA;NA;NA;TRUE;"primaire"
"53";"Bretagne";"56";"Morbihan";"5311";"Employes";NA;NA;NA;NA;NA;NA;NA;NA;TRUE;"primaire"
"53";"Bretagne";"56";"Morbihan";"5411";"Employes";NA;NA;NA;NA;NA;NA;NA;NA;TRUE;"primaire"
"53";"Bretagne";"56";"Morbihan";"5422";"Employes";NA;NA;NA;NA;NA;NA;NA;NA;TRUE;"primaire"
"53";"Bretagne";"56";"Morbihan";"5511";"Employes";NA;NA;NA;NA;NA;NA;NA;NA;TRUE;"primaire"
"53";"Bretagne";"56";"Morbihan";"5621";"Employes";NA;NA;NA;NA;NA;NA;NA;NA;TRUE;"primaire"
"53";"Bretagne";"56";"Morbihan";"6210";"Ouvriers";NA;NA;NA;NA;NA;NA;NA;NA;TRUE;"primaire"
"53";"Bretagne";"56";"Morbihan";"6234";"Ouvriers";NA;NA;NA;NA;NA;NA;NA;NA;TRUE;"primaire"
"53";"Bretagne";"56";"Morbihan";"6543";"Ouvriers";NA;NA;NA;NA;NA;NA;NA;NA;TRUE;"primaire"
"53";"Bretagne";"56";"Morbihan";"6712";"Ouvriers";NA;NA;NA;NA;NA;NA;NA;NA;TRUE;"primaire"
"53";"Bretagne";"56";"Morbihan";"6821";"Ouvriers";NA;NA;NA;NA;NA;NA;NA;NA;TRUE;"primaire"
"75";"Nouvelle-Aquitaine";"33";"Gironde";"3719";"Cadres";NA;NA;NA;NA;NA;NA;NA;NA;TRUE;"primaire"
"75";"Nouvelle-Aquitaine";"33";"Gironde";"3753";"Cadres";NA;NA;NA;NA;NA;NA;NA;NA;TRUE;"primaire"
"75";"Nouvelle-Aquitaine";"33";"Gironde";"3812";"Cadres";NA;NA;NA;NA;NA;NA;NA;NA;TRUE;"primaire"
"75";"Nouvelle-Aquitaine";"33";"Gironde";"3822";"Cadres";NA;NA;NA;NA;NA;NA;NA;NA;TRUE;"primaire"
"75";"Nouvelle-Aquitaine";"33";"Gironde";"3892";"Cadres";NA;NA;NA;NA;NA;NA;NA;NA;TRUE;"primaire"
"75";"Nouvelle-Aquitaine";"33";"Gironde";"4611";"Prof. intermediaires";23;6,9;6,5;7,4;5,9;0,6;0,3;30,1;FALSE;NA
"75";"Nouvelle-Aquitaine";"33";"Gironde";"4620";"Prof. intermediaires";NA;NA;NA;NA;NA;NA;NA;NA;TRUE;"primaire"
"75";"Nouvelle-Aquitaine";"33";"Gironde";"4631";"Prof. intermediaires";NA;NA;NA;NA;NA;NA;NA;NA;TRUE;"primaire"
"75";"Nouvelle-Aquitaine";"33";"Gironde";"4642";"Prof. intermediaires";NA;NA;NA;NA;NA;NA;NA;NA;TRUE;"primaire"
"75";"Nouvelle-Aquitaine";"33";"Gironde";"4652";"Prof. intermediaires";NA;NA;NA;NA;NA;NA;NA;NA;TRUE;"primaire"
"75";"Nouvelle-Aquitaine";"33";"Gironde";"5311";"Employes";NA;NA;NA;NA;NA;NA;NA;NA;TRUE;"primaire"
"75";"Nouvelle-Aquitaine";"33";"Gironde";"5411";"Employes";NA;NA;NA;NA;NA;NA;NA;NA;TRUE;"primaire"
"75";"Nouvelle-Aquitaine";"33";"Gironde";"5422";"Employes";NA;NA;NA;NA;NA;NA;NA;NA;TRUE;"primaire"
"75";"Nouvelle-Aquitaine";"33";"Gironde";"5511";"Employes";NA;NA;NA;NA;NA;NA;NA;NA;TRUE;"primaire"
"75";"Nouvelle-Aquitaine";"33";"Gironde";"5621";"Employes";NA;NA;NA;NA;NA;NA;NA;NA;TRUE;"primaire"
"75";"Nouvelle-Aquitaine";"33";"Gironde";"6210";"Ouvriers";NA;NA;NA;NA;NA;NA;NA;NA;TRUE;"primaire"
"75";"Nouvelle-Aquitaine";"33";"Gironde";"6234";"Ouvriers";NA;NA;NA;NA;NA;NA;NA;NA;TRUE;"primaire"
"75";"Nouvelle-Aquitaine";"33";"Gironde";"6543";"Ouvriers";NA;NA;NA;NA;NA;NA;NA;NA;TRUE;"primaire"
"75";"Nouvelle-Aquitaine";"33";"Gironde";"6712";"Ouvriers";NA;NA;NA;NA;NA;NA;NA;NA;TRUE;"primaire"
"75";"Nouvelle-Aquitaine";"33";"Gironde";"6821";"Ouvriers";20;10,7;10,3;11;9,9;0,6;0,2;53,4;FALSE;NA
"75";"Nouvelle-Aquitaine";"64";"Pyrénées-Atlantiques";"3719";"Cadres";NA;NA;NA;NA;NA;NA;NA;NA;TRUE;"primaire"
"75";"Nouvelle-Aquitaine";"64";"Pyrénées-Atlantiques";"3753";"Cadres";NA;NA;NA;NA;NA;NA;NA;NA;TRUE;"primaire"
"75";"Nouvelle-Aquitaine";"64";"Pyrénées-Atlantiques";"3812";"Cadres";NA;NA;NA;NA;NA;NA;NA;NA;TRUE;"primaire"
"75";"Nouvelle-Aquitaine";"64";"Pyrénées-Atlantiques";"3822";"Cadres";NA;NA;NA;NA;NA;NA;NA;NA;TRUE;"primaire"
"75";"Nouvelle-Aquitaine";"64";"Pyrénées-Atlantiques";"3892";"Cadres";NA;NA;NA;NA;NA;NA;NA;NA;TRUE;"primaire"
"75";"Nouvelle-Aquitaine";"64";"Pyrénées-Atlantiques";"4611";"Prof. intermediaires";NA;NA;NA;NA;NA;NA;NA;NA;TRUE;"primaire"
"75";"Nouvelle-Aquitaine";"64";"Pyrénées-Atlantiques";"4620";"Prof. intermediaires";NA;NA;NA;NA;NA;NA;NA;NA;TRUE;"primaire"
"75";"Nouvelle-Aquitaine";"64";"Pyrénées-Atlantiques";"4631";"Prof. intermediaires";NA;NA;NA;NA;NA;NA;NA;NA;TRUE;"primaire"
"75";"Nouvelle-Aquitaine";"64";"Pyrénées-Atlantiques";"4642";"Prof. intermediaires";NA;NA;NA;NA;NA;NA;NA;NA;TRUE;"primaire"
"75";"Nouvelle-Aquitaine";"64";"Pyrénées-Atlantiques";"4652";"Prof. intermediaires";NA;NA;NA;NA;NA;NA;NA;NA;TRUE;"primaire"
"75";"Nouvelle-Aquitaine";"64";"Pyrénées-Atlantiques";"5311";"Employes";NA;NA;NA;NA;NA;NA;NA;NA;TRUE;"primaire"
"75";"Nouvelle-Aquitaine";"64";"Pyrénées-Atlantiques";"5411";"Employes";NA;NA;NA;NA;NA;NA;NA;NA;TRUE;"primaire"
"75";"Nouvelle-Aquitaine";"64";"Pyrénées-Atlantiques";"5422";"Employes";NA;NA;NA;NA;NA;NA;NA;NA;TRUE;"primaire"
"75";"Nouvelle-Aquitaine";"64";"Pyrénées-Atlantiques";"5511";"Employes";NA;NA;NA;NA;NA;NA;NA;NA;TRUE;"primaire"
"75";"Nouvelle-Aquitaine";"64";"Pyrénées-Atlantiques";"5621";"Employes";NA;NA;NA;NA;NA;NA;NA;NA;TRUE;"primaire"
"75";"Nouvelle-Aquitaine";"64";"Pyrénées-Atlantiques";"6210";"Ouvriers";21;12,3;11,7;12,9;11,4;0,7;0,2;58,5;FALSE;NA
"75";"Nouvelle-Aquitaine";"64";"Pyrénées-Atlantiques";"6234";"Ouvriers";25;14;13,7;14,2;13,1;0,7;0,2;55,9;FALSE;NA
"75";"Nouvelle-Aquitaine";"64";"Pyrénées-Atlantiques";"6543";"Ouvriers";NA;NA;NA;NA;NA;NA;NA;NA;TRUE;"primaire"
"75";"Nouvelle-Aquitaine";"64";"Pyrénées-Atlantiques";"6712";"Ouvriers";NA;NA;NA;NA;NA;NA;NA;NA;TRUE;"primaire"
"75";"Nouvelle-Aquitaine";"64";"Pyrénées-Atlantiques";"6821";"Ouvriers";21;11,9;11,2;12,6;10,8;0,8;0,2;56,6;FALSE;NA
"75";"Nouvelle-Aquitaine";"86";"Vienne";"3719";"Cadres";NA;NA;NA;NA;NA;NA;NA;NA;TRUE;"primaire"
"75";"Nouvelle-Aquitaine";"86";"Vienne";"3753";"Cadres";NA;NA;NA;NA;NA;NA;NA;NA;TRUE;"primaire"
"75";"Nouvelle-Aquitaine";"86";"Vienne";"3812";"Cadres";NA;NA;NA;NA;NA;NA;NA;NA;TRUE;"primaire"
"75";"Nouvelle-Aquitaine";"86";"Vienne";"3822";"Cadres";NA;NA;NA;NA;NA;NA;NA;NA;TRUE;"primaire"
"75";"Nouvelle-Aquitaine";"86";"Vienne";"3892";"Cadres";NA;NA;NA;NA;NA;NA;NA;NA;TRUE;"primaire"
"75";"Nouvelle-Aquitaine";"86";"Vienne";"4611";"Prof. intermediaires";NA;NA;NA;NA;NA;NA;NA;NA;TRUE;"primaire"
"75";"Nouvelle-Aquitaine";"86";"Vienne";"4620";"Prof. intermediaires";NA;NA;NA;NA;NA;NA;NA;NA;TRUE;"primaire"
"75";"Nouvelle-Aquitaine";"86";"Vienne";"4631";"Prof. intermediaires";NA;NA;NA;NA;NA;NA;NA;NA;TRUE;"primaire"
"75";"Nouvelle-Aquitaine";"86";"Vienne";"4642";"Prof. intermediaires";NA;NA;NA;NA;NA;NA;NA;NA;TRUE;"primaire"
"75";"Nouvelle-Aquitaine";"86";"Vienne";"4652";"Prof. intermediaires";NA;NA;NA;NA;NA;NA;NA;NA;TRUE;"primaire"
"75";"Nouvelle-Aquitaine";"86";"Vienne";"5311";"Employes";NA;NA;NA;NA;NA;NA;NA;NA;TRUE;"primaire"
"75";"Nouvelle-Aquitaine";"86";"Vienne";"5411";"Employes";NA;NA;NA;NA;NA;NA;NA;NA;TRUE;"primaire"
"75";"Nouvelle-Aquitaine";"86";"Vienne";"5422";"Employes";NA;NA;NA;NA;NA;NA;NA;NA;TRUE;"primaire"
"75";"Nouvelle-Aquitaine";"86";"Vienne";"5511";"Employes";NA;NA;NA;NA;NA;NA;NA;NA;TRUE;"primaire"
"75";"Nouvelle-Aquitaine";"86";"Vienne";"5621";"Employes";NA;NA;NA;NA;NA;NA;NA;NA;TRUE;"primaire"
"75";"Nouvelle-Aquitaine";"86";"Vienne";"6210";"Ouvriers";NA;NA;NA;NA;NA;NA;NA;NA;TRUE;"primaire"
"75";"Nouvelle-Aquitaine";"86";"Vienne";"6234";"Ouvriers";NA;NA;NA;NA;NA;NA;NA;NA;TRUE;"primaire"
"75";"Nouvelle-Aquitaine";"86";"Vienne";"6543";"Ouvriers";NA;NA;NA;NA;NA;NA;NA;NA;TRUE;"primaire"
"75";"Nouvelle-Aquitaine";"86";"Vienne";"6712";"Ouvriers";NA;NA;NA;NA;NA;NA;NA;NA;TRUE;"primaire"
"75";"Nouvelle-Aquitaine";"86";"Vienne";"6821";"Ouvriers";NA;NA;NA;NA;NA;NA;NA;NA;TRUE;"primaire"
"75";"Nouvelle-Aquitaine";"87";"Haute-Vienne";"3719";"Cadres";NA;NA;NA;NA;NA;NA;NA;NA;TRUE;"primaire"
"75";"Nouvelle-Aquitaine";"87";"Haute-Vienne";"3753";"Cadres";NA;NA;NA;NA;NA;NA;NA;NA;TRUE;"primaire"
"75";"Nouvelle-Aquitaine";"87";"Haute-Vienne";"3812";"Cadres";NA;NA;NA;NA;NA;NA;NA;NA;TRUE;"primaire"
"75";"Nouvelle-Aquitaine";"87";"Haute-Vienne";"3822";"Cadres";NA;NA;NA;NA;NA;NA;NA;NA;TRUE;"primaire"
"75";"Nouvelle-Aquitaine";"87";"Haute-Vienne";"3892";"Cadres";NA;NA;NA;NA;NA;NA;NA;NA;TRUE;"primaire"
"75";"Nouvelle-Aquitaine";"87";"Haute-Vienne";"4611";"Prof. intermediaires";NA;NA;NA;NA;NA;NA;NA;NA;TRUE;"primaire"
"75";"Nouvelle-Aquitaine";"87";"Haute-Vienne";"4620";"Prof. intermediaires";NA;NA;NA;NA;NA;NA;NA;NA;TRUE;"primaire"
"75";"Nouvelle-Aquitaine";"87";"Haute-Vienne";"4631";"Prof. intermediaires";NA;NA;NA;NA;NA;NA;NA;NA;TRUE;"primaire"
"75";"Nouvelle-Aquitaine";"87";"Haute-Vienne";"4642";"Prof. intermediaires";NA;NA;NA;NA;NA;NA;NA;NA;TRUE;"primaire"
"75";"Nouvelle-Aquitaine";"87";"Haute-Vienne";"4652";"Prof. intermediaires";21;8,3;7,9;8,7;7,5;0,5;0,2;39,5;FALSE;NA
"75";"Nouvelle-Aquitaine";"87";"Haute-Vienne";"5311";"Employes";NA;NA;NA;NA;NA;NA;NA;NA;TRUE;"primaire"
"75";"Nouvelle-Aquitaine";"87";"Haute-Vienne";"5411";"Employes";NA;NA;NA;NA;NA;NA;NA;NA;TRUE;"primaire"
"75";"Nouvelle-Aquitaine";"87";"Haute-Vienne";"5422";"Employes";NA;NA;NA;NA;NA;NA;NA;NA;TRUE;"primaire"
"75";"Nouvelle-Aquitaine";"87";"Haute-Vienne";"5511";"Employes";NA;NA;NA;NA;NA;NA;NA;NA;TRUE;"primaire"
"75";"Nouvelle-Aquitaine";"87";"Haute-Vienne";"5621";"Employes";NA;NA;NA;NA;NA;NA;NA;NA;TRUE;"primaire"
"75";"Nouvelle-Aquitaine";"87";"Haute-Vienne";"6210";"Ouvriers";21;11,6;11,1;12,1;10,7;0,7;0,2;55,3;FALSE;NA
"75";"Nouvelle-Aquitaine";"87";"Haute-Vienne";"6234";"Ouvriers";21;8,5;7,9;9;7,3;0,9;0,3;40,3;FALSE;NA
"75";"Nouvelle-Aquitaine";"87";"Haute-Vienne";"6543";"Ouvriers";NA;NA;NA;NA;NA;NA;NA;NA;TRUE;"primaire"
"75";"Nouvelle-Aquitaine";"87";"Haute-Vienne";"6712";"Ouvriers";22;9,6;9,1;10,2;8,4;0,9;0,3;43,7;FALSE;NA
"75";"Nouvelle-Aquitaine";"87";"Haute-Vienne";"6821";"Ouvriers";NA;NA;NA;NA;NA;NA;NA;NA;TRUE;"primaire"
"76";"Occitanie";"09";"Ariège";"3719";"Cadres";20;4,6;4,2;5,1;4;0,3;0,4;23,1;FALSE;NA
"76";"Occitanie";"09";"Ariège";"3753";"Cadres";NA;NA;NA;NA;NA;NA;NA;NA;TRUE;"primaire"
"76";"Occitanie";"09";"Ariège";"3812";"Cadres";20;5,9;5,6;6,2;5,3;0,3;0,3;29,4;FALSE;NA
"76";"Occitanie";"09";"Ariège";"3822";"Cadres";NA;NA;NA;NA;NA;NA;NA;NA;TRUE;"primaire"
"76";"Occitanie";"09";"Ariège";"3892";"Cadres";NA;NA;NA;NA;NA;NA;NA;NA;TRUE;"primaire"
"76";"Occitanie";"09";"Ariège";"4611";"Prof. intermediaires";NA;NA;NA;NA;NA;NA;NA;NA;TRUE;"primaire"
"76";"Occitanie";"09";"Ariège";"4620";"Prof. intermediaires";NA;NA;NA;NA;NA;NA;NA;NA;TRUE;"primaire"
"76";"Occitanie";"09";"Ariège";"4631";"Prof. intermediaires";NA;NA;NA;NA;NA;NA;NA;NA;TRUE;"primaire"
"76";"Occitanie";"09";"Ariège";"4642";"Prof. intermediaires";NA;NA;NA;NA;NA;NA;NA;NA;TRUE;"primaire"
"76";"Occitanie";"09";"Ariège";"4652";"Prof. intermediaires";NA;NA;NA;NA;NA;NA;NA;NA;TRUE;"primaire"
"76";"Occitanie";"09";"Ariège";"5311";"Employes";NA;NA;NA;NA;NA;NA;NA;NA;TRUE;"primaire"
"76";"Occitanie";"09";"Ariège";"5411";"Employes";NA;NA;NA;NA;NA;NA;NA;NA;TRUE;"primaire"
"76";"Occitanie";"09";"Ariège";"5422";"Employes";NA;NA;NA;NA;NA;NA;NA;NA;TRUE;"primaire"
"76";"Occitanie";"09";"Ariège";"5511";"Employes";NA;NA;NA;NA;NA;NA;NA;NA;TRUE;"primaire"
"76";"Occitanie";"09";"Ariège";"5621";"Employes";NA;NA;NA;NA;NA;NA;NA;NA;TRUE;"primaire"
"76";"Occitanie";"09";"Ariège";"6210";"Ouvriers";20;10,8;10,3;11,3;10;0,6;0,2;54;FALSE;NA
"76";"Occitanie";"09";"Ariège";"6234";"Ouvriers";NA;NA;NA;NA;NA;NA;NA;NA;TRUE;"primaire"
"76";"Occitanie";"09";"Ariège";"6543";"Ouvriers";NA;NA;NA;NA;NA;NA;NA;NA;TRUE;"primaire"
"76";"Occitanie";"09";"Ariège";"6712";"Ouvriers";21;10,4;9,9;11,1;9,3;0,9;0,2;49,7;FALSE;NA
"76";"Occitanie";"09";"Ariège";"6821";"Ouvriers";NA;NA;NA;NA;NA;NA;NA;NA;TRUE;"primaire"
"84";"Auvergne-Rhône-Alpes";"01";"Ain";"3719";"Cadres";NA;NA;NA;NA;NA;NA;NA;NA;TRUE;"primaire"
"84";"Auvergne-Rhône-Alpes";"01";"Ain";"3753";"Cadres";NA;NA;NA;NA;NA;NA;NA;NA;TRUE;"primaire"
"84";"Auvergne-Rhône-Alpes";"01";"Ain";"3812";"Cadres";NA;NA;NA;NA;NA;NA;NA;NA;TRUE;"primaire"
"84";"Auvergne-Rhône-Alpes";"01";"Ain";"3822";"Cadres";NA;NA;NA;NA;NA;NA;NA;NA;TRUE;"primaire"
"84";"Auvergne-Rhône-Alpes";"01";"Ain";"3892";"Cadres";NA;NA;NA;NA;NA;NA;NA;NA;TRUE;"primaire"
"84";"Auvergne-Rhône-Alpes";"01";"Ain";"4611";"Prof. intermediaires";NA;NA;NA;NA;NA;NA;NA;NA;TRUE;"primaire"
"84";"Auvergne-Rhône-Alpes";"01";"Ain";"4620";"Prof. intermediaires";NA;NA;NA;NA;NA;NA;NA;NA;TRUE;"primaire"
"84";"Auvergne-Rhône-Alpes";"01";"Ain";"4631";"Prof. intermediaires";NA;NA;NA;NA;NA;NA;NA;NA;TRUE;"primaire"
"84";"Auvergne-Rhône-Alpes";"01";"Ain";"4642";"Prof. intermediaires";NA;NA;NA;NA;NA;NA;NA;NA;TRUE;"primaire"
"84";"Auvergne-Rhône-Alpes";"01";"Ain";"4652";"Prof. intermediaires";NA;NA;NA;NA;NA;NA;NA;NA;TRUE;"primaire"
"84";"Auvergne-Rhône-Alpes";"01";"Ain";"5311";"Employes";NA;NA;NA;NA;NA;NA;NA;NA;TRUE;"primaire"
"84";"Auvergne-Rhône-Alpes";"01";"Ain";"5411";"Employes";NA;NA;NA;NA;NA;NA;NA;NA;TRUE;"primaire"
"84";"Auvergne-Rhône-Alpes";"01";"Ain";"5422";"Employes";NA;NA;NA;NA;NA;NA;NA;NA;TRUE;"primaire"
"84";"Auvergne-Rhône-Alpes";"01";"Ain";"5511";"Employes";NA;NA;NA;NA;NA;NA;NA;NA;TRUE;"primaire"
"84";"Auvergne-Rhône-Alpes";"01";"Ain";"5621";"Employes";NA;NA;NA;NA;NA;NA;NA;NA;TRUE;"primaire"
"84";"Auvergne-Rhône-Alpes";"01";"Ain";"6210";"Ouvriers";NA;NA;NA;NA;NA;NA;NA;NA;TRUE;"secondaire"
"84";"Auvergne-Rhône-Alpes";"01";"Ain";"6234";"Ouvriers";NA;NA;NA;NA;NA;NA;NA;NA;TRUE;"primaire"
"84";"Auvergne-Rhône-Alpes";"01";"Ain";"6543";"Ouvriers";NA;NA;NA;NA;NA;NA;NA;NA;TRUE;"primaire"
"84";"Auvergne-Rhône-Alpes";"01";"Ain";"6712";"Ouvriers";NA;NA;NA;NA;NA;NA;NA;NA;TRUE;"primaire"
"84";"Auvergne-Rhône-Alpes";"01";"Ain";"6821";"Ouvriers";NA;NA;NA;NA;NA;NA;NA;NA;TRUE;"primaire"
"84";"Auvergne-Rhône-Alpes";"03";"Allier";"3719";"Cadres";NA;NA;NA;NA;NA;NA;NA;NA;TRUE;"primaire"
"84";"Auvergne-Rhône-Alpes";"03";"Allier";"3753";"Cadres";NA;NA;NA;NA;NA;NA;NA;NA;TRUE;"primaire"
"84";"Auvergne-Rhône-Alpes";"03";"Allier";"3812";"Cadres";NA;NA;NA;NA;NA;NA;NA;NA;TRUE;"primaire"
"84";"Auvergne-Rhône-Alpes";"03";"Allier";"3822";"Cadres";23;5,4;5,3;5,6;4,8;0,3;0,3;23,7;FALSE;NA
"84";"Auvergne-Rhône-Alpes";"03";"Allier";"3892";"Cadres";NA;NA;NA;NA;NA;NA;NA;NA;TRUE;"primaire"
"84";"Auvergne-Rhône-Alpes";"03";"Allier";"4611";"Prof. intermediaires";NA;NA;NA;NA;NA;NA;NA;NA;TRUE;"primaire"
"84";"Auvergne-Rhône-Alpes";"03";"Allier";"4620";"Prof. intermediaires";NA;NA;NA;NA;NA;NA;NA;NA;TRUE;"primaire"
"84";"Auvergne-Rhône-Alpes";"03";"Allier";"4631";"Prof. intermediaires";NA;NA;NA;NA;NA;NA;NA;NA;TRUE;"primaire"
"84";"Auvergne-Rhône-Alpes";"03";"Allier";"4642";"Prof. intermediaires";NA;NA;NA;NA;NA;NA;NA;NA;TRUE;"primaire"
"84";"Auvergne-Rhône-Alpes";"03";"Allier";"4652";"Prof. intermediaires";NA;NA;NA;NA;NA;NA;NA;NA;TRUE;"primaire"
"84";"Auvergne-Rhône-Alpes";"03";"Allier";"5311";"Employes";NA;NA;NA;NA;NA;NA;NA;NA;TRUE;"primaire"
"84";"Auvergne-Rhône-Alpes";"03";"Allier";"5411";"Employes";NA;NA;NA;NA;NA;NA;NA;NA;TRUE;"primaire"
"84";"Auvergne-Rhône-Alpes";"03";"Allier";"5422";"Employes";NA;NA;NA;NA;NA;NA;NA;NA;TRUE;"primaire"
"84";"Auvergne-Rhône-Alpes";"03";"Allier";"5511";"Employes";NA;NA;NA;NA;NA;NA;NA;NA;TRUE;"primaire"
"84";"Auvergne-Rhône-Alpes";"03";"Allier";"5621";"Employes";NA;NA;NA;NA;NA;NA;NA;NA;TRUE;"primaire"
"84";"Auvergne-Rhône-Alpes";"03";"Allier";"6210";"Ouvriers";21;10,3;9,9;10,8;9,3;0,7;0,2;49,2;FALSE;NA
"84";"Auvergne-Rhône-Alpes";"03";"Allier";"6234";"Ouvriers";22;9,3;8,6;10,1;8;1;0,3;42,3;FALSE;NA
"84";"Auvergne-Rhône-Alpes";"03";"Allier";"6543";"Ouvriers";NA;NA;NA;NA;NA;NA;NA;NA;TRUE;"primaire"
"84";"Auvergne-Rhône-Alpes";"03";"Allier";"6712";"Ouvriers";NA;NA;NA;NA;NA;NA;NA;NA;TRUE;"primaire"
"84";"Auvergne-Rhône-Alpes";"03";"Allier";"6821";"Ouvriers";NA;NA;NA;NA;NA;NA;NA;NA;TRUE;"primaire"
"84";"Auvergne-Rhône-Alpes";"69";"Rhône";"3719";"Cadres";NA;NA;NA;NA;NA;NA;NA;NA;TRUE;"primaire"
"84";"Auvergne-Rhône-Alpes";"69";"Rhône";"3753";"Cadres";NA;NA;NA;NA;NA;NA;NA;NA;TRUE;"primaire"
"84";"Auvergne-Rhône-Alpes";"69";"Rhône";"3812";"Cadres";NA;NA;NA;NA;NA;NA;NA;NA;TRUE;"primaire"
"84";"Auvergne-Rhône-Alpes";"69";"Rhône";"3822";"Cadres";NA;NA;NA;NA;NA;NA;NA;NA;TRUE;"primaire"
"84";"Auvergne-Rhône-Alpes";"69";"Rhône";"3892";"Cadres";NA;NA;NA;NA;NA;NA;NA;NA;TRUE;"primaire"
"84";"Auvergne-Rhône-Alpes";"69";"Rhône";"4611";"Prof. intermediaires";NA;NA;NA;NA;NA;NA;NA;NA;TRUE;"primaire"
"84";"Auvergne-Rhône-Alpes";"69";"Rhône";"4620";"Prof. intermediaires";NA;NA;NA;NA;NA;NA;NA;NA;TRUE;"primaire"
"84";"Auvergne-Rhône-Alpes";"69";"Rhône";"4631";"Prof. intermediaires";NA;NA;NA;NA;NA;NA;NA;NA;TRUE;"primaire"
"84";"Auvergne-Rhône-Alpes";"69";"Rhône";"4642";"Prof. intermediaires";NA;NA;NA;NA;NA;NA;NA;NA;TRUE;"primaire"
"84";"Auvergne-Rhône-Alpes";"69";"Rhône";"4652";"Prof. intermediaires";NA;NA;NA;NA;NA;NA;NA;NA;TRUE;"primaire"
"84";"Auvergne-Rhône-Alpes";"69";"Rhône";"5311";"Employes";NA;NA;NA;NA;NA;NA;NA;NA;TRUE;"primaire"
"84";"Auvergne-Rhône-Alpes";"69";"Rhône";"5411";"Employes";NA;NA;NA;NA;NA;NA;NA;NA;TRUE;"primaire"
"84";"Auvergne-Rhône-Alpes";"69";"Rhône";"5422";"Employes";NA;NA;NA;NA;NA;NA;NA;NA;TRUE;"primaire"
"84";"Auvergne-Rhône-Alpes";"69";"Rhône";"5511";"Employes";NA;NA;NA;NA;NA;NA;NA;NA;TRUE;"primaire"
"84";"Auvergne-Rhône-Alpes";"69";"Rhône";"5621";"Employes";NA;NA;NA;NA;NA;NA;NA;NA;TRUE;"primaire"
"84";"Auvergne-Rhône-Alpes";"69";"Rhône";"6210";"Ouvriers";NA;NA;NA;NA;NA;NA;NA;NA;TRUE;"primaire"
"84";"Auvergne-Rhône-Alpes";"69";"Rhône";"6234";"Ouvriers";NA;NA;NA;NA;NA;NA;NA;NA;TRUE;"primaire"
"84";"Auvergne-Rhône-Alpes";"69";"Rhône";"6543";"Ouvriers";NA;NA;NA;NA;NA;NA;NA;NA;TRUE;"primaire"
"84";"Auvergne-Rhône-Alpes";"69";"Rhône";"6712";"Ouvriers";NA;NA;NA;NA;NA;NA;NA;NA;TRUE;"primaire"
"84";"Auvergne-Rhône-Alpes";"69";"Rhône";"6821";"Ouvriers";NA;NA;NA;NA;NA;NA;NA;NA;TRUE;"primaire"
"93";"Provence-Alpes-Côte d'Azur";"83";"Var";"3719";"Cadres";NA;NA;NA;NA;NA;NA;NA;NA;TRUE;"primaire"
"93";"Provence-Alpes-Côte d'Azur";"83";"Var";"3753";"Cadres";NA;NA;NA;NA;NA;NA;NA;NA;TRUE;"primaire"
"93";"Provence-Alpes-Côte d'Azur";"83";"Var";"3812";"Cadres";NA;NA;NA;NA;NA;NA;NA;NA;TRUE;"primaire"
"93";"Provence-Alpes-Côte d'Azur";"83";"Var";"3822";"Cadres";NA;NA;NA;NA;NA;NA;NA;NA;TRUE;"primaire"
"93";"Provence-Alpes-Côte d'Azur";"83";"Var";"3892";"Cadres";NA;NA;NA;NA;NA;NA;NA;NA;TRUE;"primaire"
"93";"Provence-Alpes-Côte d'Azur";"83";"Var";"4611";"Prof. intermediaires";22;8,9;8,4;9,5;8,1;0,5;0,3;40,7;FALSE;NA
"93";"Provence-Alpes-Côte d'Azur";"83";"Var";"4620";"Prof. intermediaires";NA;NA;NA;NA;NA;NA;NA;NA;TRUE;"primaire"
"93";"Provence-Alpes-Côte d'Azur";"83";"Var";"4631";"Prof. intermediaires";NA;NA;NA;NA;NA;NA;NA;NA;TRUE;"primaire"
"93";"Provence-Alpes-Côte d'Azur";"83";"Var";"4642";"Prof. intermediaires";NA;NA;NA;NA;NA;NA;NA;NA;TRUE;"primaire"
"93";"Provence-Alpes-Côte d'Azur";"83";"Var";"4652";"Prof. intermediaires";NA;NA;NA;NA;NA;NA;NA;NA;TRUE;"primaire"
"93";"Provence-Alpes-Côte d'Azur";"83";"Var";"5311";"Employes";NA;NA;NA;NA;NA;NA;NA;NA;TRUE;"primaire"
"93";"Provence-Alpes-Côte d'Azur";"83";"Var";"5411";"Employes";NA;NA;NA;NA;NA;NA;NA;NA;TRUE;"primaire"
"93";"Provence-Alpes-Côte d'Azur";"83";"Var";"5422";"Employes";NA;NA;NA;NA;NA;NA;NA;NA;TRUE;"primaire"
"93";"Provence-Alpes-Côte d'Azur";"83";"Var";"5511";"Employes";NA;NA;NA;NA;NA;NA;NA;NA;TRUE;"primaire"
"93";"Provence-Alpes-Côte d'Azur";"83";"Var";"5621";"Employes";NA;NA;NA;NA;NA;NA;NA;NA;TRUE;"primaire"
"93";"Provence-Alpes-Côte d'Azur";"83";"Var";"6210";"Ouvriers";NA;NA;NA;NA;NA;NA;NA;NA;TRUE;"primaire"
"93";"Provence-Alpes-Côte d'Azur";"83";"Var";"6234";"Ouvriers";NA;NA;NA;NA;NA;NA;NA;NA;TRUE;"primaire"
"93";"Provence-Alpes-Côte d'Azur";"83";"Var";"6543";"Ouvriers";20;6,9;6,5;7,4;5,8;0,8;0,3;34,5;FALSE;NA
"93";"Provence-Alpes-Côte d'Azur";"83";"Var";"6712";"Ouvriers";NA;NA;NA;NA;NA;NA;NA;NA;TRUE;"primaire"
"93";"Provence-Alpes-Côte d'Azur";"83";"Var";"6821";"Ouvriers";23;12,8;12,2;13,5;11,8;0,8;0,2;55,8;FALSE;NA
"94";"Corse";"2A";"Corse-du-Sud";"3719";"Cadres";NA;NA;NA;NA;NA;NA;NA;NA;TRUE;"primaire"
"94";"Corse";"2A";"Corse-du-Sud";"3753";"Cadres";NA;NA;NA;NA;NA;NA;NA;NA;TRUE;"primaire"
"94";"Corse";"2A";"Corse-du-Sud";"3812";"Cadres";NA;NA;NA;NA;NA;NA;NA;NA;TRUE;"primaire"
"94";"Corse";"2A";"Corse-du-Sud";"3822";"Cadres";NA;NA;NA;NA;NA;NA;NA;NA;TRUE;"primaire"
"94";"Corse";"2A";"Corse-du-Sud";"3892";"Cadres";NA;NA;NA;NA;NA;NA;NA;NA;TRUE;"primaire"
"94";"Corse";"2A";"Corse-du-Sud";"4611";"Prof. intermediaires";NA;NA;NA;NA;NA;NA;NA;NA;TRUE;"primaire"
"94";"Corse";"2A";"Corse-du-Sud";"4620";"Prof. intermediaires";NA;NA;NA;NA;NA;NA;NA;NA;TRUE;"primaire"
"94";"Corse";"2A";"Corse-du-Sud";"4631";"Prof. intermediaires";NA;NA;NA;NA;NA;NA;NA;NA;TRUE;"primaire"
"94";"Corse";"2A";"Corse-du-Sud";"4642";"Prof. intermediaires";NA;NA;NA;NA;NA;NA;NA;NA;TRUE;"primaire"
"94";"Corse";"2A";"Corse-du-Sud";"4652";"Prof. intermediaires";NA;NA;NA;NA;NA;NA;NA;NA;TRUE;"primaire"
"94";"Corse";"2A";"Corse-du-Sud";"5311";"Employes";NA;NA;NA;NA;NA;NA;NA;NA;TRUE;"primaire"
"94";"Corse";"2A";"Corse-du-Sud";"5411";"Employes";NA;NA;NA;NA;NA;NA;NA;NA;TRUE;"primaire"
"94";"Corse";"2A";"Corse-du-Sud";"5422";"Employes";NA;NA;NA;NA;NA;NA;NA;NA;TRUE;"primaire"
"94";"Corse";"2A";"Corse-du-Sud";"5511";"Employes";NA;NA;NA;NA;NA;NA;NA;NA;TRUE;"primaire"
"94";"Corse";"2A";"Corse-du-Sud";"5621";"Employes";NA;NA;NA;NA;NA;NA;NA;NA;TRUE;"primaire"
"94";"Corse";"2A";"Corse-du-Sud";"6210";"Ouvriers";NA;NA;NA;NA;NA;NA;NA;NA;TRUE;"primaire"
"94";"Corse";"2A";"Corse-du-Sud";"6234";"Ouvriers";NA;NA;NA;NA;NA;NA;NA;NA;TRUE;"primaire"
"94";"Corse";"2A";"Corse-du-Sud";"6543";"Ouvriers";NA;NA;NA;NA;NA;NA;NA;NA;TRUE;"primaire"
"94";"Corse";"2A";"Corse-du-Sud";"6712";"Ouvriers";NA;NA;NA;NA;NA;NA;NA;NA;TRUE;"primaire"
"94";"Corse";"2A";"Corse-du-Sud";"6821";"Ouvriers";NA;NA;NA;NA;NA;NA;NA;NA;TRUE;"primaire"
"94";"Corse";"2B";"Haute-Corse";"3719";"Cadres";NA;NA;NA;NA;NA;NA;NA;NA;TRUE;"primaire"
"94";"Corse";"2B";"Haute-Corse";"3753";"Cadres";NA;NA;NA;NA;NA;NA;NA;NA;TRUE;"primaire"
"94";"Corse";"2B";"Haute-Corse";"3812";"Cadres";NA;NA;NA;NA;NA;NA;NA;NA;TRUE;"primaire"
"94";"Corse";"2B";"Haute-Corse";"3822";"Cadres";NA;NA;NA;NA;NA;NA;NA;NA;TRUE;"primaire"
"94";"Corse";"2B";"Haute-Corse";"3892";"Cadres";NA;NA;NA;NA;NA;NA;NA;NA;TRUE;"primaire"
"94";"Corse";"2B";"Haute-Corse";"4611";"Prof. intermediaires";23;7,1;6,7;7,5;6,2;0,5;0,3;30,8;FALSE;NA
"94";"Corse";"2B";"Haute-Corse";"4620";"Prof. intermediaires";NA;NA;NA;NA;NA;NA;NA;NA;TRUE;"primaire"
"94";"Corse";"2B";"Haute-Corse";"4631";"Prof. intermediaires";22;10,4;10;10,9;9,7;0,5;0,3;47,3;FALSE;NA
"94";"Corse";"2B";"Haute-Corse";"4642";"Prof. intermediaires";NA;NA;NA;NA;NA;NA;NA;NA;TRUE;"primaire"
"94";"Corse";"2B";"Haute-Corse";"4652";"Prof. intermediaires";NA;NA;NA;NA;NA;NA;NA;NA;TRUE;"primaire"
"94";"Corse";"2B";"Haute-Corse";"5311";"Employes";NA;NA;NA;NA;NA;NA;NA;NA;TRUE;"primaire"
"94";"Corse";"2B";"Haute-Corse";"5411";"Employes";NA;NA;NA;NA;NA;NA;NA;NA;TRUE;"primaire"
"94";"Corse";"2B";"Haute-Corse";"5422";"Employes";NA;NA;NA;NA;NA;NA;NA;NA;TRUE;"primaire"
"94";"Corse";"2B";"Haute-Corse";"5511";"Employes";NA;NA;NA;NA;NA;NA;NA;NA;TRUE;"primaire"
"94";"Corse";"2B";"Haute-Corse";"5621";"Employes";NA;NA;NA;NA;NA;NA;NA;NA;TRUE;"primaire"
"94";"Corse";"2B";"Haute-Corse";"6210";"Ouvriers";22;8,1;7,7;8,5;6,9;0,8;0,3;36,6;FALSE;NA
"94";"Corse";"2B";"Haute-Corse";"6234";"Ouvriers";NA;NA;NA;NA;NA;NA;NA;NA;TRUE;"primaire"
"94";"Corse";"2B";"Haute-Corse";"6543";"Ouvriers";NA;NA;NA;NA;NA;NA;NA;NA;TRUE;"primaire"
"94";"Corse";"2B";"Haute-Corse";"6712";"Ouvriers";NA;NA;NA;NA;NA;NA;NA;NA;TRUE;"primaire"
"94";"Corse";"2B";"Haute-Corse";"6821";"Ouvriers";NA;NA;NA;NA;NA;NA;NA;NA;TRUE;"primaire"
