"region_code";"region_nom";"pcs";"cs1";"effectif_champ";"departs_central";"departs_bas";"departs_haut";"dep_retraite";"dep_invalidite";"dep_deces";"taux_depart_central_pct";"masque";"motif_masque"
"11";"Île-de-France";"3719";"Cadres";55;10,7;10;11,5;8,9;0,8;1;19,5;FALSE;NA
"11";"Île-de-France";"3753";"Cadres";52;13,1;12,4;13,8;11,5;0,7;0,9;25,2;FALSE;NA
"11";"Île-de-France";"3812";"Cadres";48;10,8;10,3;11,3;9,3;0,7;0,9;22,5;FALSE;NA
"11";"Île-de-France";"3822";"Cadres";43;11,7;11;12,4;10,3;0,7;0,7;27,1;FALSE;NA
"11";"Île-de-France";"3892";"Cadres";48;12,6;11,8;13,4;11;0,8;0,8;26,2;FALSE;NA
"11";"Île-de-France";"4611";"Prof. intermediaires";56;17;15,8;18,3;14,5;1,6;0,9;30,3;FALSE;NA
"11";"Île-de-France";"4620";"Prof. intermediaires";60;17,8;16,5;19,1;15,1;1,7;1;29,6;FALSE;NA
"11";"Île-de-France";"4631";"Prof. intermediaires";39;13,3;12,7;13,9;11,8;0,9;0,6;34;FALSE;NA
"11";"Île-de-France";"4642";"Prof. intermediaires";67;17,2;16,1;18,3;14,4;1,9;1;25,7;FALSE;NA
"11";"Île-de-France";"4652";"Prof. intermediaires";56;16,6;15,5;17,8;14,1;1,6;0,9;29,6;FALSE;NA
"11";"Île-de-France";"5311";"Employes";33;12;11,3;12,8;10,6;1;0,5;36,5;FALSE;NA
"11";"Île-de-France";"5411";"Employes";51;22,3;20,8;23,9;20,1;1,6;0,7;43,8;FALSE;NA
"11";"Île-de-France";"5422";"Employes";42;18,1;17,2;19,1;16,4;1,2;0,5;43,1;FALSE;NA
"11";"Île-de-France";"5511";"Employes";39;18,5;17,8;19,2;17,1;1;0,4;47,5;FALSE;NA
"11";"Île-de-France";"5621";"Employes";32;8,1;7,2;9,1;6,5;1,2;0,5;25,4;FALSE;NA
"11";"Île-de-France";"6210";"Ouvriers";58;25,4;24,2;26,6;22,5;2,3;0,7;43,8;FALSE;NA
"11";"Île-de-France";"6234";"Ouvriers";56;22,8;21,2;24,6;19,7;2,4;0,7;40,8;FALSE;NA
"11";"Île-de-France";"6543";"Ouvriers";63;23,9;22,5;25,3;20,5;2,5;0,8;37,9;FALSE;NA
"11";"Île-de-France";"6712";"Ouvriers";66;25,4;23,9;26,9;21,9;2,7;0,8;38,5;FALSE;NA
"11";"Île-de-France";"6821";"Ouvriers";56;24;23;25,1;21,3;2,1;0,6;42,9;FALSE;NA
"24";"Centre-Val de Loire";"3719";"Cadres";NA;NA;NA;NA;NA;NA;NA;NA;TRUE;"primaire"
"24";"Centre-Val de Loire";"3753";"Cadres";NA;NA;NA;NA;NA;NA;NA;NA;TRUE;"primaire"
"24";"Centre-Val de Loire";"3812";"Cadres";NA;NA;NA;NA;NA;NA;NA;NA;TRUE;"primaire"
"24";"Centre-Val de Loire";"3822";"Cadres";NA;NA;NA;NA;NA;NA;NA;NA;TRUE;"primaire"
"24";"Centre-Val de Loire";"3892";"Cadres";NA;NA;NA;NA;NA;NA;NA;NA;TRUE;"primaire"
"24";"Centre-Val de Loire";"4611";"Prof. intermediaires";NA;NA;NA;NA;NA;NA;NA;NA;TRUE;"primaire"
"24";"Centre-Val de Loire";"4620";"Prof. intermediaires";NA;NA;NA;NA;NA;NA;NA;NA;TRUE;"primaire"
"24";"Centre-Val de Loire";"4631";"Prof. intermediaires";NA;NA;NA;NA;NA;NA;NA;NA;TRUE;"primaire"
"24";"Centre-Val de Loire";"4642";"Prof. intermediaires";NA;NA;NA;NA;NA;NA;NA;NA;TRUE;"primaire"
"24";"Centre-Val de Loire";"4652";"Prof. intermediaires";21;9,6;9,2;10,1;8,9;0,5;0,3;45,9;FALSE;NA
"24";"Centre-Val de Loire";"5311";"Employes";NA;NA;NA;NA;NA;NA;NA;NA;TRUE;"primaire"
"24";"Centre-Val de Loire";"5411";"Employes";NA;NA;NA;NA;NA;NA;NA;NA;TRUE;"primaire"
"24";"Centre-Val de Loire";"5422";"Employes";NA;NA;NA;NA;NA;NA;NA;NA;TRUE;"primaire"
"24";"Centre-Val de Loire";"5511";"Employes";NA;NA;NA;NA;NA;NA;NA;NA;TRUE;"primaire"
"24";"Centre-Val de Loire";"5621";"Employes";NA;NA;NA;NA;NA;NA;NA;NA;TRUE;"primaire"
"24";"Centre-Val de Loire";"6210";"Ouvriers";NA;NA;NA;NA;NA;NA;NA;NA;TRUE;"primaire"
"24";"Centre-Val de Loire";"6234";"Ouvriers";20;7,7;7,3;8,1;6,6;0,8;0,3;38,3;FALSE;NA
"24";"Centre-Val de Loire";"6543";"Ouvriers";NA;NA;NA;NA;NA;NA;NA;NA;TRUE;"primaire"
"24";"Centre-Val de Loire";"6712";"Ouvriers";NA;NA;NA;NA;NA;NA;NA;NA;TRUE;"secondaire"
"24";"Centre-Val de Loire";"6821";"Ouvriers";NA;NA;NA;NA;NA;NA;NA;NA;TRUE;"primaire"
"32";"Hauts-de-France";"3719";"Cadres";NA;NA;NA;NA;NA;NA;NA;NA;TRUE;"primaire"
"32";"Hauts-de-France";"3753";"Cadres";23;6,4;5,9;6,9;5,6;0,4;0,4;27,9;FALSE;NA
"32";"Hauts-de-France";"3812";"Cadres";NA;NA;NA;NA;NA;NA;NA;NA;TRUE;"primaire"
"32";"Hauts-de-France";"3822";"Cadres";NA;NA;NA;NA;NA;NA;NA;NA;TRUE;"primaire"
"32";"Hauts-de-France";"3892";"Cadres";NA;NA;NA;NA;NA;NA;NA;NA;TRUE;"primaire"
"32";"Hauts-de-France";"4611";"Prof. intermediaires";NA;NA;NA;NA;NA;NA;NA;NA;TRUE;"primaire"
"32";"Hauts-de-France";"4620";"Prof. intermediaires";NA;NA;NA;NA;NA;NA;NA;NA;TRUE;"primaire"
"32";"Hauts-de-France";"4631";"Prof. intermediaires";NA;NA;NA;NA;NA;NA;NA;NA;TRUE;"primaire"
"32";"Hauts-de-France";"4642";"Prof. intermediaires";NA;NA;NA;NA;NA;NA;NA;NA;TRUE;"primaire"
"32";"Hauts-de-France";"4652";"Prof. intermediaires";NA;NA;NA;NA;NA;NA;NA;NA;TRUE;"primaire"
"32";"Hauts-de-France";"5311";"Employes";NA;NA;NA;NA;NA;NA;NA;NA;TRUE;"primaire"
"32";"Hauts-de-France";"5411";"Employes";NA;NA;NA;NA;NA;NA;NA;NA;TRUE;"primaire"
"32";"Hauts-de-France";"5422";"Employes";21;12,8;12,4;13,1;12,2;0,4;0,2;60,9;FALSE;NA
"32";"Hauts-de-France";"5511";"Employes";NA;NA;NA;NA;NA;NA;NA;NA;TRUE;"primaire"
"32";"Hauts-de-France";"5621";"Employes";NA;NA;NA;NA;NA;NA;NA;NA;TRUE;"primaire"
"32";"Hauts-de-France";"6210";"Ouvriers";22;10,8;10,2;11,3;9,7;0,8;0,2;48,9;FALSE;NA
"32";"Hauts-de-France";"6234";"Ouvriers";NA;NA;NA;NA;NA;NA;NA;NA;TRUE;"primaire"
"32";"Hauts-de-France";"6543";"Ouvriers";NA;NA;NA;NA;NA;NA;NA;NA;TRUE;"primaire"
"32";"Hauts-de-France";"6712";"Ouvriers";26;13;12,6;13,5;11,9;0,9;0,2;50,1;FALSE;NA
"32";"Hauts-de-France";"6821";"Ouvriers";28;12,1;11,4;12,8;10,6;1,1;0,3;43;FALSE;NA
"52";"Pays de la Loire";"3719";"Cadres";NA;NA;NA;NA;NA;NA;NA;NA;TRUE;"primaire"
"52";"Pays de la Loire";"3753";"Cadres";NA;NA;NA;NA;NA;NA;NA;NA;TRUE;"primaire"
"52";"Pays de la Loire";"3812";"Cadres";NA;NA;NA;NA;NA;NA;NA;NA;TRUE;"primaire"
"52";"Pays de la Loire";"3822";"Cadres";22;6,2;5,9;6,5;5,6;0,3;0,3;28,1;FALSE;NA
"52";"Pays de la Loire";"3892";"Cadres";NA;NA;NA;NA;NA;NA;NA;NA;TRUE;"primaire"
"52";"Pays de la Loire";"4611";"Prof. intermediaires";NA;NA;NA;NA;NA;NA;NA;NA;TRUE;"primaire"
"52";"Pays de la Loire";"4620";"Prof. intermediaires";NA;NA;NA;NA;NA;NA;NA;NA;TRUE;"primaire"
"52";"Pays de la Loire";"4631";"Prof. intermediaires";NA;NA;NA;NA;NA;NA;NA;NA;TRUE;"primaire"
"52";"Pays de la Loire";"4642";"Prof. intermediaires";NA;NA;NA;NA;NA;NA;NA;NA;TRUE;"primaire"
"52";"Pays de la Loire";"4652";"Prof. intermediaires";20;9,8;9,5;10;9,2;0,4;0,2;48,9;FALSE;NA
"52";"Pays de la Loire";"5311";"Employes";NA;NA;NA;NA;NA;NA;NA;NA;TRUE;"primaire"
"52";"Pays de la Loire";"5411";"Employes";NA;NA;NA;NA;NA;NA;NA;NA;TRUE;"primaire"
"52";"Pays de la Loire";"5422";"Employes";NA;NA;NA;NA;NA;NA;NA;NA;TRUE;"primaire"
"52";"Pays de la Loire";"5511";"Employes";NA;NA;NA;NA;NA;NA;NA;NA;TRUE;"primaire"
"52";"Pays de la Loire";"5621";"Employes";NA;NA;NA;NA;NA;NA;NA;NA;TRUE;"primaire"
"52";"Pays de la Loire";"6210";"Ouvriers";NA;NA;NA;NA;NA;NA;NA;NA;TRUE;"primaire"
"52";"Pays de la Loire";"6234";"Ouvriers";26;12,5;11,8;13,2;11,2;1;0,3;48;FALSE;NA
"52";"Pays de la Loire";"6543";"Ouvriers";NA;NA;NA;NA;NA;NA;NA;NA;TRUE;"primaire"
"52";"Pays de la Loire";"6712";"Ouvriers";21;15,9;15,4;16,4;15,3;0,5;0,2;75,9;FALSE;NA
"52";"Pays de la Loire";"6821";"Ouvriers";NA;NA;NA;NA;NA;NA;NA;NA;TRUE;"primaire"
"53";"Bretagne";"3719";"Cadres";NA;NA;NA;NA;NA;NA;NA;NA;TRUE;"secondaire"
"53";"Bretagne";"3753";"Cadres";27;5,9;5,4;6,5;4,9;0,5;0,5;22;FALSE;NA
"53";"Bretagne";"3812";"Cadres";29;5,9;5,5;6,4;4,9;0,5;0,5;20,3;FALSE;NA
"53";"Bretagne";"3822";"Cadres";NA;NA;NA;NA;NA;NA;NA;NA;TRUE;"primaire"
"53";"Bretagne";"3892";"Cadres";28;4,7;4,2;5,2;3,6;0,5;0,5;16,7;FALSE;NA
"53";"Bretagne";"4611";"Prof. intermediaires";22;7,1;6,8;7,5;6,3;0,6;0,3;32,5;FALSE;NA
"53";"Bretagne";"4620";"Prof. intermediaires";27;9;8,5;9,6;8;0,7;0,4;33,5;FALSE;NA
"53";"Bretagne";"4631";"Prof. intermediaires";24;6,8;6,3;7,3;5,8;0,7;0,3;28,3;FALSE;NA
"53";"Bretagne";"4642";"Prof. intermediaires";27;8,8;8,2;9,5;7,6;0,8;0,4;32,6;FALSE;NA
"53";"Bretagne";"4652";"Prof. intermediaires";30;14,6;14;15,2;13,6;0,6;0,4;48,8;FALSE;NA
"53";"Bretagne";"5311";"Employes";24;7,5;6,9;8,1;6,2;0,9;0,4;31,1;FALSE;NA
"53";"Bretagne";"5411";"Employes";NA;NA;NA;NA;NA;NA;NA;NA;TRUE;"primaire"
"53";"Bretagne";"5422";"Employes";NA;NA;NA;NA;NA;NA;NA;NA;TRUE;"primaire"
"53";"Bretagne";"5511";"Employes";23;7,9;7,5;8,4;6,9;0,7;0,3;34,5;FALSE;NA
"53";"Bretagne";"5621";"Employes";NA;NA;NA;NA;NA;NA;NA;NA;TRUE;"primaire"
"53";"Bretagne";"6210";"Ouvriers";24;10,4;10;10,9;9,3;0,9;0,3;43,5;FALSE;NA
"53";"Bretagne";"6234";"Ouvriers";27;13,2;12,5;13,9;12;0,9;0,3;49;FALSE;NA
"53";"Bretagne";"6543";"Ouvriers";31;9,3;8,7;10;7,7;1,3;0,4;30,1;FALSE;NA
"53";"Bretagne";"6712";"Ouvriers";28;12,2;11,6;12,8;10,8;1,1;0,3;43,6;FALSE;NA
"53";"Bretagne";"6821";"Ouvriers";23;10,3;9,7;11;9,1;0,8;0,3;44,8;FALSE;NA
"75";"Nouvelle-Aquitaine";"3719";"Cadres";53;12,4;11,2;13,6;10,5;0,9;0,9;23,3;FALSE;NA
"75";"Nouvelle-Aquitaine";"3753";"Cadres";57;16,5;15,3;17,7;14,6;0,9;1;28,9;FALSE;NA
"75";"Nouvelle-Aquitaine";"3812";"Cadres";64;17,1;15,9;18,5;15;1;1,1;26,8;FALSE;NA
"75";"Nouvelle-Aquitaine";"3822";"Cadres";63;14,6;13,5;15,8;12,5;1;1,1;23,2;FALSE;NA
"75";"Nouvelle-Aquitaine";"3892";"Cadres";55;11,9;11,4;12,5;10,3;0,8;0,9;21,7;FALSE;NA
"75";"Nouvelle-Aquitaine";"4611";"Prof. intermediaires";65;21,8;20,6;23;19,3;1,6;0,9;33,6;FALSE;NA
"75";"Nouvelle-Aquitaine";"4620";"Prof. intermediaires";56;19,7;18,8;20,7;17,7;1,3;0,7;35,2;FALSE;NA
"75";"Nouvelle-Aquitaine";"4631";"Prof. intermediaires";54;21,9;21;22,7;20;1,2;0,7;40,5;FALSE;NA
"75";"Nouvelle-Aquitaine";"4642";"Prof. intermediaires";55;15,2;14;16,5;12,8;1,5;0,9;27,7;FALSE;NA
"75";"Nouvelle-Aquitaine";"4652";"Prof. intermediaires";65;22,7;21,5;24;20,2;1,6;0,9;35;FALSE;NA
"75";"Nouvelle-Aquitaine";"5311";"Employes";34;14,8;14,2;15,4;13,5;0,9;0,4;43,5;FALSE;NA
"75";"Nouvelle-Aquitaine";"5411";"Employes";38;14,6;13,7;15,5;12,9;1,2;0,5;38,3;FALSE;NA
"75";"Nouvelle-Aquitaine";"5422";"Employes";45;17,8;17;18,7;16;1,2;0,6;39,6;FALSE;NA
"75";"Nouvelle-Aquitaine";"5511";"Employes";53;23,5;22,4;24,8;21,4;1,5;0,7;44,4;FALSE;NA
"75";"Nouvelle-Aquitaine";"5621";"Employes";43;15,5;14,7;16,3;13,7;1,3;0,6;36;FALSE;NA
"75";"Nouvelle-Aquitaine";"6210";"Ouvriers";66;35,2;33,4;36,9;32,1;2,5;0,6;53,3;FALSE;NA
"75";"Nouvelle-Aquitaine";"6234";"Ouvriers";79;32,7;31,4;34,1;28,9;3;0,9;41,4;FALSE;NA
"75";"Nouvelle-Aquitaine";"6543";"Ouvriers";67;32,8;31,5;34,3;29,8;2,4;0,7;49;FALSE;NA
"75";"Nouvelle-Aquitaine";"6712";"Ouvriers";62;27,2;25,8;28,7;24;2,4;0,8;43,9;FALSE;NA
"75";"Nouvelle-Aquitaine";"6821";"Ouvriers";70;35,4;33,8;37;32,2;2,4;0,8;50,6;FALSE;NA
"76";"Occitanie";"3719";"Cadres";20;4,6;4,2;5,1;4;0,3;0,4;23,1;FALSE;NA
"76";"Occitanie";"3753";"Cadres";NA;NA;NA;NA;NA;NA;NA;NA;TRUE;"primaire"
"76";"Occitanie";"3812";"Cadres";20;5,9;5,6;6,2;5,3;0,3;0,3;29,4;FALSE;NA
"76";"Occitanie";"3822";"Cadres";NA;NA;NA;NA;NA;NA;NA;NA;TRUE;"primaire"
"76";"Occitanie";"3892";"Cadres";NA;NA;NA;NA;NA;NA;NA;NA;TRUE;"primaire"
"76";"Occitanie";"4611";"Prof. intermediaires";NA;NA;NA;NA;NA;NA;NA;NA;TRUE;"primaire"
"76";"Occitanie";"4620";"Prof. intermediaires";NA;NA;NA;NA;NA;NA;NA;NA;TRUE;"primaire"
"76";"Occitanie";"4631";"Prof. intermediaires";NA;NA;NA;NA;NA;NA;NA;NA;TRUE;"primaire"
"76";"Occitanie";"4642";"Prof. intermediaires";NA;NA;NA;NA;NA;NA;NA;NA;TRUE;"primaire"
"76";"Occitanie";"4652";"Prof. intermediaires";NA;NA;NA;NA;NA;NA;NA;NA;TRUE;"primaire"
"76";"Occitanie";"5311";"Employes";NA;NA;NA;NA;NA;NA;NA;NA;TRUE;"primaire"
"76";"Occitanie";"5411";"Employes";NA;NA;NA;NA;NA;NA;NA;NA;TRUE;"primaire"
"76";"Occitanie";"5422";"Employes";NA;NA;NA;NA;NA;NA;NA;NA;TRUE;"primaire"
"76";"Occitanie";"5511";"Employes";NA;NA;NA;NA;NA;NA;NA;NA;TRUE;"primaire"
"76";"Occitanie";"5621";"Employes";NA;NA;NA;NA;NA;NA;NA;NA;TRUE;"primaire"
"76";"Occitanie";"6210";"Ouvriers";20;10,8;10,3;11,3;10;0,6;0,2;54;FALSE;NA
"76";"Occitanie";"6234";"Ouvriers";NA;NA;NA;NA;NA;NA;NA;NA;TRUE;"primaire"
"76";"Occitanie";"6543";"Ouvriers";NA;NA;NA;NA;NA;NA;NA;NA;TRUE;"primaire"
"76";"Occitanie";"6712";"Ouvriers";21;10,4;9,9;11,1;9,3;0,9;0,2;49,7;FALSE;NA
"76";"Occitanie";"6821";"Ouvriers";NA;NA;NA;NA;NA;NA;NA;NA;TRUE;"primaire"
"84";"Auvergne-Rhône-Alpes";"3719";"Cadres";38;9,7;8,8;10,8;8,3;0,7;0,7;25,6;FALSE;NA
"84";"Auvergne-Rhône-Alpes";"3753";"Cadres";37;11,4;10,5;12,3;10,3;0,6;0,6;30,9;FALSE;NA
"84";"Auvergne-Rhône-Alpes";"3812";"Cadres";46;8,3;7,7;8,9;6,7;0,7;0,8;18;FALSE;NA
"84";"Auvergne-Rhône-Alpes";"3822";"Cadres";44;10,9;10,5;11,3;9,7;0,6;0,7;24,8;FALSE;NA
"84";"Auvergne-Rhône-Alpes";"3892";"Cadres";42;8,7;7,9;9,5;7,3;0,7;0,7;20,7;FALSE;NA
"84";"Auvergne-Rhône-Alpes";"4611";"Prof. intermediaires";43;14,5;13,5;15,5;12,7;1,1;0,7;33,6;FALSE;NA
"84";"Auvergne-Rhône-Alpes";"4620";"Prof. intermediaires";40;14,2;13,4;15;12,6;1;0,6;35,4;FALSE;NA
"84";"Auvergne-Rhône-Alpes";"4631";"Prof. intermediaires";55;19,2;18;20,5;16,9;1,5;0,8;34,9;FALSE;NA
"84";"Auvergne-Rhône-Alpes";"4642";"Prof. intermediaires";47;15,4;14,6;16,3;13,5;1,2;0,7;32,8;FALSE;NA
"84";"Auvergne-Rhône-Alpes";"4652";"Prof. intermediaires";47;20,3;19,2;21,4;18,6;1,1;0,6;43,2;FALSE;NA
"84";"Auvergne-Rhône-Alpes";"5311";"Employes";30;14,7;14,1;15,2;13,6;0,7;0,3;48,9;FALSE;NA
"84";"Auvergne-Rhône-Alpes";"5411";"Employes";31;14,8;14,1;15,5;13,6;0,8;0,4;47,7;FALSE;NA
"84";"Auvergne-Rhône-Alpes";"5422";"Employes";37;10,7;9,9;11,6;9;1,3;0,5;29;FALSE;NA
"84";"Auvergne-Rhône-Alpes";"5511";"Employes";29;11,4;10,9;11,9;10,2;0,7;0,4;39,2;FALSE;NA
"84";"Auvergne-Rhône-Alpes";"5621";"Employes";32;14,5;13,7;15,3;13,1;1;0,3;45,2;FALSE;NA
"84";"Auvergne-Rhône-Alpes";"6210";"Ouvriers";57;28,7;27,1;30,2;25,8;2,2;0,6;50,3;FALSE;NA
"84";"Auvergne-Rhône-Alpes";"6234";"Ouvriers";57;27,1;25,6;28,8;24,1;2,3;0,7;47,6;FALSE;NA
"84";"Auvergne-Rhône-Alpes";"6543";"Ouvriers";49;22,1;21,2;23,1;19,7;1,9;0,5;45,1;FALSE;NA
"84";"Auvergne-Rhône-Alpes";"6712";"Ouvriers";45;22,9;21,8;24;20,7;1,7;0,4;50,9;FALSE;NA
"84";"Auvergne-Rhône-Alpes";"6821";"Ouvriers";54;26,5;25,5;27,6;24;1,9;0,6;49,1;FALSE;NA
"93";"Provence-Alpes-Côte d'Azur";"3719";"Cadres";NA;NA;NA;NA;NA;NA;NA;NA;TRUE;"primaire"
"93";"Provence-Alpes-Côte d'Azur";"3753";"Cadres";NA;NA;NA;NA;NA;NA;NA;NA;TRUE;"primaire"
"93";"Provence-Alpes-Côte d'Azur";"3812";"Cadres";NA;NA;NA;NA;NA;NA;NA;NA;TRUE;"primaire"
"93";"Provence-Alpes-Côte d'Azur";"3822";"Cadres";NA;NA;NA;NA;NA;NA;NA;NA;TRUE;"primaire"
"93";"Provence-Alpes-Côte d'Azur";"3892";"Cadres";NA;NA;NA;NA;NA;NA;NA;NA;TRUE;"primaire"
"93";"Provence-Alpes-Côte d'Azur";"4611";"Prof. intermediaires";22;8,9;8,4;9,5;8,1;0,5;0,3;40,7;FALSE;NA
"93";"Provence-Alpes-Côte d'Azur";"4620";"Prof. intermediaires";NA;NA;NA;NA;NA;NA;NA;NA;TRUE;"primaire"
"93";"Provence-Alpes-Côte d'Azur";"4631";"Prof. intermediaires";NA;NA;NA;NA;NA;NA;NA;NA;TRUE;"primaire"
"93";"Provence-Alpes-Côte d'Azur";"4642";"Prof. intermediaires";NA;NA;NA;NA;NA;NA;NA;NA;TRUE;"primaire"
"93";"Provence-Alpes-Côte d'Azur";"4652";"Prof. intermediaires";NA;NA;NA;NA;NA;NA;NA;NA;TRUE;"primaire"
"93";"Provence-Alpes-Côte d'Azur";"5311";"Employes";NA;NA;NA;NA;NA;NA;NA;NA;TRUE;"primaire"
"93";"Provence-Alpes-Côte d'Azur";"5411";"Employes";NA;NA;NA;NA;NA;NA;NA;NA;TRUE;"primaire"
"93";"Provence-Alpes-Côte d'Azur";"5422";"Employes";NA;NA;NA;NA;NA;NA;NA;NA;TRUE;"primaire"
"93";"Provence-Alpes-Côte d'Azur";"5511";"Employes";NA;NA;NA;NA;NA;NA;NA;NA;TRUE;"primaire"
"93";"Provence-Alpes-Côte d'Azur";"5621";"Employes";NA;NA;NA;NA;NA;NA;NA;NA;TRUE;"primaire"
"93";"Provence-Alpes-Côte d'Azur";"6210";"Ouvriers";NA;NA;NA;NA;NA;NA;NA;NA;TRUE;"primaire"
"93";"Provence-Alpes-Côte d'Azur";"6234";"Ouvriers";NA;NA;NA;NA;NA;NA;NA;NA;TRUE;"primaire"
"93";"Provence-Alpes-Côte d'Azur";"6543";"Ouvriers";20;6,9;6,5;7,4;5,8;0,8;0,3;34,5;FALSE;NA
"93";"Provence-Alpes-Côte d'Azur";"6712";"Ouvriers";NA;NA;NA;NA;NA;NA;NA;NA;TRUE;"primaire"
"93";"Provence-Alpes-Côte d'Azur";"6821";"Ouvriers";23;12,8;12,2;13,5;11,8;0,8;0,2;55,8;FALSE;NA
"94";"Corse";"3719";"Cadres";21;7,1;6,8;7,5;6,6;0,3;0,3;34;FALSE;NA
"94";"Corse";"3753";"Cadres";26;4,4;4;4,8;3,5;0,4;0,5;16,9;FALSE;NA
"94";"Corse";"3812";"Cadres";34;9,8;9,1;10,4;8,6;0,5;0,6;28,7;FALSE;NA
"94";"Corse";"3822";"Cadres";28;5,9;5,6;6,3;5,1;0,4;0,4;21,2;FALSE;NA
"94";"Corse";"3892";"Cadres";30;9,4;8,8;9,9;8,5;0,4;0,5;31,2;FALSE;NA
"94";"Corse";"4611";"Prof. intermediaires";39;14,1;13,4;14,9;12,6;1;0,5;36,2;FALSE;NA
"94";"Corse";"4620";"Prof. intermediaires";24;7,2;6,8;7,6;6,2;0,6;0,4;29,9;FALSE;NA
"94";"Corse";"4631";"Prof. intermediaires";39;14;13,3;14,8;12,5;0,9;0,6;36;FALSE;NA
"94";"Corse";"4642";"Prof. intermediaires";26;9,3;8,8;9,8;8,3;0,6;0,4;35,7;FALSE;NA
"94";"Corse";"4652";"Prof. intermediaires";28;9,3;8,8;9,8;8,2;0,7;0,4;33,2;FALSE;NA
"94";"Corse";"5311";"Employes";28;13,8;13,1;14,5;12,8;0,8;0,3;49,4;FALSE;NA
"94";"Corse";"5411";"Employes";NA;NA;NA;NA;NA;NA;NA;NA;TRUE;"primaire"
"94";"Corse";"5422";"Employes";31;9,2;8,6;9,8;7,7;1;0,4;29,5;FALSE;NA
"94";"Corse";"5511";"Employes";NA;NA;NA;NA;NA;NA;NA;NA;TRUE;"secondaire"
"94";"Corse";"5621";"Employes";29;13,4;12,8;13,9;12,2;0,8;0,3;46,1;FALSE;NA
"94";"Corse";"6210";"Ouvriers";34;14,1;13,4;14,9;12,5;1,2;0,4;41,5;FALSE;NA
"94";"Corse";"6234";"Ouvriers";37;13,7;13;14,3;11,8;1,5;0,4;36,9;FALSE;NA
"94";"Corse";"6543";"Ouvriers";36;14,8;14,2;15,4;13;1,4;0,4;41;FALSE;NA
"94";"Corse";"6712";"Ouvriers";33;11,9;11,3;12,5;10,2;1,2;0,4;36;FALSE;NA
"94";"Corse";"6821";"Ouvriers";25;12;11,3;12,8;10,7;1;0,3;48;FALSE;NA
